{
  "n_runs": 1000,
  "initial_equity": 100000.0,
  "ruin_threshold": 0.9,
  "ruin_threshold_equity": 90000.0,
  "ruin_count": 0,
  "ruin_probability": 0.0,
  "mean_final_equity": 112791.23411689581,
  "median_final_equity": 112791.2341168958,
  "std_final_equity": 2.2758748806689806e-11,
  "min_final_equity": 112791.23411689578,
  "max_final_equity": 112791.2341168958,
  "percentile_5": 112791.23411689578,
  "percentile_25": 112791.23411689578,
  "percentile_75": 112791.2341168958,
  "percentile_95": 112791.2341168958
}