signal_time,entry_time,symbol,side,reason
2025-01-07 08:00:00+09:00,2025-01-07 16:00:00+09:00,USD/JPY,LONG,position_size_invalid
2025-01-10 00:00:00+09:00,2025-01-10 08:00:00+09:00,USD/JPY,LONG,position_size_invalid
2025-01-10 08:00:00+09:00,2025-01-10 16:00:00+09:00,USD/JPY,LONG,position_size_invalid
2025-01-10 20:00:00+09:00,2025-01-11 04:00:00+09:00,USD/JPY,LONG,position_size_invalid
2025-01-15 04:00:00+09:00,2025-01-15 12:00:00+09:00,USD/JPY,LONG,position_size_invalid
2025-01-15 08:00:00+09:00,2025-01-15 16:00:00+09:00,USD/JPY,LONG,position_size_invalid
2025-01-20 20:00:00+09:00,2025-01-21 04:00:00+09:00,USD/JPY,SHORT,position_size_invalid
2025-01-21 08:00:00+09:00,2025-01-21 16:00:00+09:00,USD/JPY,SHORT,position_size_invalid
2025-01-21 20:00:00+09:00,2025-01-22 04:00:00+09:00,USD/JPY,SHORT,position_size_invalid
2025-01-22 08:00:00+09:00,2025-01-22 16:00:00+09:00,USD/JPY,SHORT,position_size_invalid
2025-01-23 04:00:00+09:00,2025-01-23 12:00:00+09:00,USD/JPY,SHORT,position_size_invalid
2025-01-24 20:00:00+09:00,2025-01-25 04:00:00+09:00,USD/JPY,SHORT,position_size_invalid
2025-01-29 04:00:00+09:00,2025-01-29 12:00:00+09:00,USD/JPY,SHORT,position_size_invalid
2025-01-29 20:00:00+09:00,2025-01-30 04:00:00+09:00,USD/JPY,SHORT,position_size_invalid
2025-01-30 08:00:00+09:00,2025-01-30 16:00:00+09:00,USD/JPY,SHORT,position_size_invalid
2025-02-11 04:00:00+09:00,2025-02-11 12:00:00+09:00,USD/JPY,SHORT,position_size_invalid
2025-02-19 16:00:00+09:00,2025-02-20 00:00:00+09:00,USD/JPY,SHORT,position_size_invalid
2025-02-19 20:00:00+09:00,2025-02-20 04:00:00+09:00,USD/JPY,SHORT,position_size_invalid
2025-02-25 20:00:00+09:00,2025-02-26 04:00:00+09:00,USD/JPY,SHORT,position_size_invalid
2025-02-26 08:00:00+09:00,2025-02-26 16:00:00+09:00,USD/JPY,SHORT,position_size_invalid
2025-02-27 08:00:00+09:00,2025-02-27 16:00:00+09:00,USD/JPY,SHORT,position_size_invalid
2025-02-28 20:00:00+09:00,2025-03-01 04:00:00+09:00,USD/JPY,SHORT,position_size_invalid
2025-03-06 00:00:00+09:00,2025-03-06 08:00:00+09:00,USD/JPY,SHORT,position_size_invalid
2025-03-12 08:00:00+09:00,2025-03-12 16:00:00+09:00,USD/JPY,SHORT,position_size_invalid
2025-03-22 04:00:00+09:00,2025-03-22 12:00:00+09:00,USD/JPY,SHORT,maintenance
2025-03-28 00:00:00+09:00,2025-03-28 08:00:00+09:00,USD/JPY,LONG,position_size_invalid
2025-03-29 04:00:00+09:00,2025-03-29 12:00:00+09:00,USD/JPY,LONG,maintenance
2025-04-03 00:00:00+09:00,2025-04-03 08:00:00+09:00,USD/JPY,SHORT,position_size_invalid
2025-04-09 00:00:00+09:00,2025-04-09 08:00:00+09:00,USD/JPY,SHORT,position_size_invalid
2025-04-09 08:00:00+09:00,2025-04-09 16:00:00+09:00,USD/JPY,SHORT,position_size_invalid
2025-04-11 00:00:00+09:00,2025-04-11 08:00:00+09:00,USD/JPY,SHORT,position_size_invalid
2025-04-30 04:00:00+09:00,2025-04-30 12:00:00+09:00,USD/JPY,SHORT,position_size_invalid
2025-05-03 08:00:00+09:00,2025-05-03 16:00:00+09:00,USD/JPY,LONG,maintenance
2025-05-06 08:00:00+09:00,2025-05-06 16:00:00+09:00,USD/JPY,LONG,position_size_invalid
2025-05-08 20:00:00+09:00,2025-05-09 04:00:00+09:00,USD/JPY,SHORT,position_size_invalid
2025-05-15 08:00:00+09:00,2025-05-15 16:00:00+09:00,USD/JPY,LONG,position_size_invalid
2025-05-23 12:00:00+09:00,2025-05-23 20:00:00+09:00,USD/JPY,SHORT,position_size_invalid
2025-05-31 04:00:00+09:00,2025-05-31 12:00:00+09:00,USD/JPY,SHORT,maintenance
2025-06-10 04:00:00+09:00,2025-06-10 12:00:00+09:00,USD/JPY,LONG,position_size_invalid
2025-06-28 12:00:00+09:00,2025-06-30 16:00:00+09:00,USD/JPY,SHORT,position_size_invalid
2025-07-03 08:00:00+09:00,2025-07-03 16:00:00+09:00,USD/JPY,SHORT,position_size_invalid
2025-07-11 04:00:00+09:00,2025-07-11 12:00:00+09:00,USD/JPY,LONG,position_size_invalid
2025-07-25 12:00:00+09:00,2025-07-25 20:00:00+09:00,USD/JPY,LONG,position_size_invalid
2025-07-30 20:00:00+09:00,2025-07-31 04:00:00+09:00,USD/JPY,LONG,position_size_invalid
2025-07-31 04:00:00+09:00,2025-07-31 12:00:00+09:00,USD/JPY,LONG,position_size_invalid
2025-08-07 00:00:00+09:00,2025-08-07 08:00:00+09:00,USD/JPY,LONG,position_size_invalid
2025-08-08 12:00:00+09:00,2025-08-08 20:00:00+09:00,USD/JPY,SHORT,position_size_invalid
2025-08-13 20:00:00+09:00,2025-08-14 04:00:00+09:00,USD/JPY,LONG,position_size_invalid
2025-08-16 12:00:00+09:00,2025-08-18 20:00:00+09:00,USD/JPY,SHORT,position_size_invalid
2025-08-18 20:00:00+09:00,2025-08-19 04:00:00+09:00,USD/JPY,SHORT,position_size_invalid
2025-08-20 12:00:00+09:00,2025-08-20 20:00:00+09:00,USD/JPY,LONG,position_size_invalid
2025-08-21 00:00:00+09:00,2025-08-21 08:00:00+09:00,USD/JPY,LONG,position_size_invalid
2025-08-26 20:00:00+09:00,2025-08-27 04:00:00+09:00,USD/JPY,LONG,position_size_invalid
2025-09-01 20:00:00+09:00,2025-09-02 04:00:00+09:00,USD/JPY,SHORT,position_size_invalid
2025-09-05 04:00:00+09:00,2025-09-05 12:00:00+09:00,USD/JPY,LONG,position_size_invalid
2025-09-10 20:00:00+09:00,2025-09-11 04:00:00+09:00,USD/JPY,SHORT,position_size_invalid
2025-09-11 08:00:00+09:00,2025-09-11 16:00:00+09:00,USD/JPY,SHORT,position_size_invalid
2025-10-04 00:00:00+09:00,2025-10-04 08:00:00+09:00,USD/JPY,SHORT,position_size_invalid
2025-10-21 00:00:00+09:00,2025-10-21 08:00:00+09:00,USD/JPY,LONG,position_size_invalid
2025-10-30 12:00:00+09:00,2025-10-30 20:00:00+09:00,USD/JPY,LONG,position_size_invalid
2025-10-30 20:00:00+09:00,2025-10-31 04:00:00+09:00,USD/JPY,LONG,position_size_invalid
2025-11-06 00:00:00+09:00,2025-11-06 08:00:00+09:00,USD/JPY,LONG,position_size_invalid
2025-11-10 20:00:00+09:00,2025-11-11 04:00:00+09:00,USD/JPY,LONG,position_size_invalid
2025-11-17 20:00:00+09:00,2025-11-18 04:00:00+09:00,USD/JPY,LONG,position_size_invalid
2025-11-25 00:00:00+09:00,2025-11-25 08:00:00+09:00,USD/JPY,LONG,position_size_invalid
2025-11-27 00:00:00+09:00,2025-11-27 08:00:00+09:00,USD/JPY,LONG,position_size_invalid
2025-12-12 00:00:00+09:00,2025-12-12 08:00:00+09:00,USD/JPY,LONG,position_size_invalid
2025-12-13 08:00:00+09:00,2025-12-13 16:00:00+09:00,USD/JPY,SHORT,maintenance
2025-12-26 20:00:00+09:00,2025-12-27 04:00:00+09:00,USD/JPY,SHORT,position_size_invalid
2026-01-13 04:00:00+09:00,2026-01-13 12:00:00+09:00,USD/JPY,LONG,position_size_invalid
2026-01-15 20:00:00+09:00,2026-01-16 04:00:00+09:00,USD/JPY,LONG,position_size_invalid
