{
  "start_date": "2025-01-01",
  "end_date": "2026-02-14",
  "initial_equity": 100000.0,
  "final_equity": 100910.63517264879,
  "total_trades": 12,
  "wins": 7,
  "losses": 5,
  "win_rate": 0.5833333333333334,
  "total_pnl_gross": 1006.6351726487853,
  "total_pnl_net": 910.6351726487853,
  "total_cost": 96.0,
  "pf_gross": 1.4690165065890737,
  "pf_net": 1.4165249299285774,
  "avg_win_net": 442.41475511887904,
  "avg_loss_net": -437.2536226366736,
  "expectancy_net": 75.88626438739882,
  "avg_r_multiple": 0.19438129452805927,
  "max_drawdown_close_based": 0.013352688326506873,
  "per_symbol": {
    "USD/JPY": {
      "count": 12,
      "total_pnl_net": 910.6351726487853,
      "win_rate": 0.5833333333333334,
      "avg_pnl_net": 75.88626438739878,
      "avg_win": 442.41475511887904,
      "avg_loss": -437.2536226366736
    }
  },
  "per_side": {
    "LONG": {
      "count": 11,
      "total_pnl_net": 670.1846922055463,
      "win_rate": 0.5454545454545454,
      "avg_pnl_net": 60.92588110959512,
      "avg_win": 476.075467564819,
      "avg_loss": -437.2536226366736
    },
    "SHORT": {
      "count": 1,
      "total_pnl_net": 240.45048044323903,
      "win_rate": 1.0,
      "avg_pnl_net": 240.45048044323903,
      "avg_win": 240.45048044323903,
      "avg_loss": 0.0
    }
  },
  "per_exit_reason": {
    "BE": {
      "count": 4,
      "total_pnl_net": 907.8299654926774,
      "win_rate": 1.0,
      "avg_pnl_net": 226.95749137316935,
      "avg_win": 226.95749137316935,
      "avg_loss": 0.0
    },
    "SL": {
      "count": 5,
      "total_pnl_net": -2186.268113183368,
      "win_rate": 0.0,
      "avg_pnl_net": -437.2536226366736,
      "avg_win": 0.0,
      "avg_loss": -437.2536226366736
    },
    "TP2": {
      "count": 3,
      "total_pnl_net": 2189.0733203394757,
      "win_rate": 1.0,
      "avg_pnl_net": 729.6911067798252,
      "avg_win": 729.6911067798252,
      "avg_loss": 0.0
    }
  },
  "risk_violations_count": 0,
  "risk_violations": [],
  "monthly_returns": [
    {
      "month": "2025-09",
      "trades": 2,
      "pnl_net": 997.1662233423953,
      "equity": 100997.1662233424,
      "return_pct": 0.9971662233423952
    },
    {
      "month": "2025-11",
      "trades": 2,
      "pnl_net": -209.85467327950323,
      "equity": 100787.31155006289,
      "return_pct": -0.20985467327950322
    },
    {
      "month": "2025-12",
      "trades": 2,
      "pnl_net": -904.1480308132268,
      "equity": 99883.16351924966,
      "return_pct": -0.9041480308132267
    },
    {
      "month": "2026-01",
      "trades": 6,
      "pnl_net": 1027.4716533991202,
      "equity": 100910.63517264878,
      "return_pct": 1.0274716533991202
    }
  ],
  "stats": {
    "total_signals": 83,
    "executed_trades": 12,
    "skipped_signals": 71,
    "maintenance_skips": 5,
    "spread_filter_skips": 0,
    "position_size_skips": 66,
    "skipped_details": [
      {
        "signal_time": "2025-01-07 08:00:00+09:00",
        "entry_time": "2025-01-07 16:00:00+09:00",
        "symbol": "USD/JPY",
        "side": "LONG",
        "reason": "position_size_invalid"
      },
      {
        "signal_time": "2025-01-10 00:00:00+09:00",
        "entry_time": "2025-01-10 08:00:00+09:00",
        "symbol": "USD/JPY",
        "side": "LONG",
        "reason": "position_size_invalid"
      },
      {
        "signal_time": "2025-01-10 08:00:00+09:00",
        "entry_time": "2025-01-10 16:00:00+09:00",
        "symbol": "USD/JPY",
        "side": "LONG",
        "reason": "position_size_invalid"
      },
      {
        "signal_time": "2025-01-10 20:00:00+09:00",
        "entry_time": "2025-01-11 04:00:00+09:00",
        "symbol": "USD/JPY",
        "side": "LONG",
        "reason": "position_size_invalid"
      },
      {
        "signal_time": "2025-01-15 04:00:00+09:00",
        "entry_time": "2025-01-15 12:00:00+09:00",
        "symbol": "USD/JPY",
        "side": "LONG",
        "reason": "position_size_invalid"
      },
      {
        "signal_time": "2025-01-15 08:00:00+09:00",
        "entry_time": "2025-01-15 16:00:00+09:00",
        "symbol": "USD/JPY",
        "side": "LONG",
        "reason": "position_size_invalid"
      },
      {
        "signal_time": "2025-01-20 20:00:00+09:00",
        "entry_time": "2025-01-21 04:00:00+09:00",
        "symbol": "USD/JPY",
        "side": "SHORT",
        "reason": "position_size_invalid"
      },
      {
        "signal_time": "2025-01-21 08:00:00+09:00",
        "entry_time": "2025-01-21 16:00:00+09:00",
        "symbol": "USD/JPY",
        "side": "SHORT",
        "reason": "position_size_invalid"
      },
      {
        "signal_time": "2025-01-21 20:00:00+09:00",
        "entry_time": "2025-01-22 04:00:00+09:00",
        "symbol": "USD/JPY",
        "side": "SHORT",
        "reason": "position_size_invalid"
      },
      {
        "signal_time": "2025-01-22 08:00:00+09:00",
        "entry_time": "2025-01-22 16:00:00+09:00",
        "symbol": "USD/JPY",
        "side": "SHORT",
        "reason": "position_size_invalid"
      },
      {
        "signal_time": "2025-01-23 04:00:00+09:00",
        "entry_time": "2025-01-23 12:00:00+09:00",
        "symbol": "USD/JPY",
        "side": "SHORT",
        "reason": "position_size_invalid"
      },
      {
        "signal_time": "2025-01-24 20:00:00+09:00",
        "entry_time": "2025-01-25 04:00:00+09:00",
        "symbol": "USD/JPY",
        "side": "SHORT",
        "reason": "position_size_invalid"
      },
      {
        "signal_time": "2025-01-29 04:00:00+09:00",
        "entry_time": "2025-01-29 12:00:00+09:00",
        "symbol": "USD/JPY",
        "side": "SHORT",
        "reason": "position_size_invalid"
      },
      {
        "signal_time": "2025-01-29 20:00:00+09:00",
        "entry_time": "2025-01-30 04:00:00+09:00",
        "symbol": "USD/JPY",
        "side": "SHORT",
        "reason": "position_size_invalid"
      },
      {
        "signal_time": "2025-01-30 08:00:00+09:00",
        "entry_time": "2025-01-30 16:00:00+09:00",
        "symbol": "USD/JPY",
        "side": "SHORT",
        "reason": "position_size_invalid"
      },
      {
        "signal_time": "2025-02-11 04:00:00+09:00",
        "entry_time": "2025-02-11 12:00:00+09:00",
        "symbol": "USD/JPY",
        "side": "SHORT",
        "reason": "position_size_invalid"
      },
      {
        "signal_time": "2025-02-19 16:00:00+09:00",
        "entry_time": "2025-02-20 00:00:00+09:00",
        "symbol": "USD/JPY",
        "side": "SHORT",
        "reason": "position_size_invalid"
      },
      {
        "signal_time": "2025-02-19 20:00:00+09:00",
        "entry_time": "2025-02-20 04:00:00+09:00",
        "symbol": "USD/JPY",
        "side": "SHORT",
        "reason": "position_size_invalid"
      },
      {
        "signal_time": "2025-02-25 20:00:00+09:00",
        "entry_time": "2025-02-26 04:00:00+09:00",
        "symbol": "USD/JPY",
        "side": "SHORT",
        "reason": "position_size_invalid"
      },
      {
        "signal_time": "2025-02-26 08:00:00+09:00",
        "entry_time": "2025-02-26 16:00:00+09:00",
        "symbol": "USD/JPY",
        "side": "SHORT",
        "reason": "position_size_invalid"
      },
      {
        "signal_time": "2025-02-27 08:00:00+09:00",
        "entry_time": "2025-02-27 16:00:00+09:00",
        "symbol": "USD/JPY",
        "side": "SHORT",
        "reason": "position_size_invalid"
      },
      {
        "signal_time": "2025-02-28 20:00:00+09:00",
        "entry_time": "2025-03-01 04:00:00+09:00",
        "symbol": "USD/JPY",
        "side": "SHORT",
        "reason": "position_size_invalid"
      },
      {
        "signal_time": "2025-03-06 00:00:00+09:00",
        "entry_time": "2025-03-06 08:00:00+09:00",
        "symbol": "USD/JPY",
        "side": "SHORT",
        "reason": "position_size_invalid"
      },
      {
        "signal_time": "2025-03-12 08:00:00+09:00",
        "entry_time": "2025-03-12 16:00:00+09:00",
        "symbol": "USD/JPY",
        "side": "SHORT",
        "reason": "position_size_invalid"
      },
      {
        "signal_time": "2025-03-22 04:00:00+09:00",
        "entry_time": "2025-03-22 12:00:00+09:00",
        "symbol": "USD/JPY",
        "side": "SHORT",
        "reason": "maintenance"
      },
      {
        "signal_time": "2025-03-28 00:00:00+09:00",
        "entry_time": "2025-03-28 08:00:00+09:00",
        "symbol": "USD/JPY",
        "side": "LONG",
        "reason": "position_size_invalid"
      },
      {
        "signal_time": "2025-03-29 04:00:00+09:00",
        "entry_time": "2025-03-29 12:00:00+09:00",
        "symbol": "USD/JPY",
        "side": "LONG",
        "reason": "maintenance"
      },
      {
        "signal_time": "2025-04-03 00:00:00+09:00",
        "entry_time": "2025-04-03 08:00:00+09:00",
        "symbol": "USD/JPY",
        "side": "SHORT",
        "reason": "position_size_invalid"
      },
      {
        "signal_time": "2025-04-09 00:00:00+09:00",
        "entry_time": "2025-04-09 08:00:00+09:00",
        "symbol": "USD/JPY",
        "side": "SHORT",
        "reason": "position_size_invalid"
      },
      {
        "signal_time": "2025-04-09 08:00:00+09:00",
        "entry_time": "2025-04-09 16:00:00+09:00",
        "symbol": "USD/JPY",
        "side": "SHORT",
        "reason": "position_size_invalid"
      },
      {
        "signal_time": "2025-04-11 00:00:00+09:00",
        "entry_time": "2025-04-11 08:00:00+09:00",
        "symbol": "USD/JPY",
        "side": "SHORT",
        "reason": "position_size_invalid"
      },
      {
        "signal_time": "2025-04-30 04:00:00+09:00",
        "entry_time": "2025-04-30 12:00:00+09:00",
        "symbol": "USD/JPY",
        "side": "SHORT",
        "reason": "position_size_invalid"
      },
      {
        "signal_time": "2025-05-03 08:00:00+09:00",
        "entry_time": "2025-05-03 16:00:00+09:00",
        "symbol": "USD/JPY",
        "side": "LONG",
        "reason": "maintenance"
      },
      {
        "signal_time": "2025-05-06 08:00:00+09:00",
        "entry_time": "2025-05-06 16:00:00+09:00",
        "symbol": "USD/JPY",
        "side": "LONG",
        "reason": "position_size_invalid"
      },
      {
        "signal_time": "2025-05-08 20:00:00+09:00",
        "entry_time": "2025-05-09 04:00:00+09:00",
        "symbol": "USD/JPY",
        "side": "SHORT",
        "reason": "position_size_invalid"
      },
      {
        "signal_time": "2025-05-15 08:00:00+09:00",
        "entry_time": "2025-05-15 16:00:00+09:00",
        "symbol": "USD/JPY",
        "side": "LONG",
        "reason": "position_size_invalid"
      },
      {
        "signal_time": "2025-05-23 12:00:00+09:00",
        "entry_time": "2025-05-23 20:00:00+09:00",
        "symbol": "USD/JPY",
        "side": "SHORT",
        "reason": "position_size_invalid"
      },
      {
        "signal_time": "2025-05-31 04:00:00+09:00",
        "entry_time": "2025-05-31 12:00:00+09:00",
        "symbol": "USD/JPY",
        "side": "SHORT",
        "reason": "maintenance"
      },
      {
        "signal_time": "2025-06-10 04:00:00+09:00",
        "entry_time": "2025-06-10 12:00:00+09:00",
        "symbol": "USD/JPY",
        "side": "LONG",
        "reason": "position_size_invalid"
      },
      {
        "signal_time": "2025-06-28 12:00:00+09:00",
        "entry_time": "2025-06-30 16:00:00+09:00",
        "symbol": "USD/JPY",
        "side": "SHORT",
        "reason": "position_size_invalid"
      },
      {
        "signal_time": "2025-07-03 08:00:00+09:00",
        "entry_time": "2025-07-03 16:00:00+09:00",
        "symbol": "USD/JPY",
        "side": "SHORT",
        "reason": "position_size_invalid"
      },
      {
        "signal_time": "2025-07-11 04:00:00+09:00",
        "entry_time": "2025-07-11 12:00:00+09:00",
        "symbol": "USD/JPY",
        "side": "LONG",
        "reason": "position_size_invalid"
      },
      {
        "signal_time": "2025-07-25 12:00:00+09:00",
        "entry_time": "2025-07-25 20:00:00+09:00",
        "symbol": "USD/JPY",
        "side": "LONG",
        "reason": "position_size_invalid"
      },
      {
        "signal_time": "2025-07-30 20:00:00+09:00",
        "entry_time": "2025-07-31 04:00:00+09:00",
        "symbol": "USD/JPY",
        "side": "LONG",
        "reason": "position_size_invalid"
      },
      {
        "signal_time": "2025-07-31 04:00:00+09:00",
        "entry_time": "2025-07-31 12:00:00+09:00",
        "symbol": "USD/JPY",
        "side": "LONG",
        "reason": "position_size_invalid"
      },
      {
        "signal_time": "2025-08-07 00:00:00+09:00",
        "entry_time": "2025-08-07 08:00:00+09:00",
        "symbol": "USD/JPY",
        "side": "LONG",
        "reason": "position_size_invalid"
      },
      {
        "signal_time": "2025-08-08 12:00:00+09:00",
        "entry_time": "2025-08-08 20:00:00+09:00",
        "symbol": "USD/JPY",
        "side": "SHORT",
        "reason": "position_size_invalid"
      },
      {
        "signal_time": "2025-08-13 20:00:00+09:00",
        "entry_time": "2025-08-14 04:00:00+09:00",
        "symbol": "USD/JPY",
        "side": "LONG",
        "reason": "position_size_invalid"
      },
      {
        "signal_time": "2025-08-16 12:00:00+09:00",
        "entry_time": "2025-08-18 20:00:00+09:00",
        "symbol": "USD/JPY",
        "side": "SHORT",
        "reason": "position_size_invalid"
      },
      {
        "signal_time": "2025-08-18 20:00:00+09:00",
        "entry_time": "2025-08-19 04:00:00+09:00",
        "symbol": "USD/JPY",
        "side": "SHORT",
        "reason": "position_size_invalid"
      },
      {
        "signal_time": "2025-08-20 12:00:00+09:00",
        "entry_time": "2025-08-20 20:00:00+09:00",
        "symbol": "USD/JPY",
        "side": "LONG",
        "reason": "position_size_invalid"
      },
      {
        "signal_time": "2025-08-21 00:00:00+09:00",
        "entry_time": "2025-08-21 08:00:00+09:00",
        "symbol": "USD/JPY",
        "side": "LONG",
        "reason": "position_size_invalid"
      },
      {
        "signal_time": "2025-08-26 20:00:00+09:00",
        "entry_time": "2025-08-27 04:00:00+09:00",
        "symbol": "USD/JPY",
        "side": "LONG",
        "reason": "position_size_invalid"
      },
      {
        "signal_time": "2025-09-01 20:00:00+09:00",
        "entry_time": "2025-09-02 04:00:00+09:00",
        "symbol": "USD/JPY",
        "side": "SHORT",
        "reason": "position_size_invalid"
      },
      {
        "signal_time": "2025-09-05 04:00:00+09:00",
        "entry_time": "2025-09-05 12:00:00+09:00",
        "symbol": "USD/JPY",
        "side": "LONG",
        "reason": "position_size_invalid"
      },
      {
        "signal_time": "2025-09-10 20:00:00+09:00",
        "entry_time": "2025-09-11 04:00:00+09:00",
        "symbol": "USD/JPY",
        "side": "SHORT",
        "reason": "position_size_invalid"
      },
      {
        "signal_time": "2025-09-11 08:00:00+09:00",
        "entry_time": "2025-09-11 16:00:00+09:00",
        "symbol": "USD/JPY",
        "side": "SHORT",
        "reason": "position_size_invalid"
      },
      {
        "signal_time": "2025-10-04 00:00:00+09:00",
        "entry_time": "2025-10-04 08:00:00+09:00",
        "symbol": "USD/JPY",
        "side": "SHORT",
        "reason": "position_size_invalid"
      },
      {
        "signal_time": "2025-10-21 00:00:00+09:00",
        "entry_time": "2025-10-21 08:00:00+09:00",
        "symbol": "USD/JPY",
        "side": "LONG",
        "reason": "position_size_invalid"
      },
      {
        "signal_time": "2025-10-30 12:00:00+09:00",
        "entry_time": "2025-10-30 20:00:00+09:00",
        "symbol": "USD/JPY",
        "side": "LONG",
        "reason": "position_size_invalid"
      },
      {
        "signal_time": "2025-10-30 20:00:00+09:00",
        "entry_time": "2025-10-31 04:00:00+09:00",
        "symbol": "USD/JPY",
        "side": "LONG",
        "reason": "position_size_invalid"
      },
      {
        "signal_time": "2025-11-06 00:00:00+09:00",
        "entry_time": "2025-11-06 08:00:00+09:00",
        "symbol": "USD/JPY",
        "side": "LONG",
        "reason": "position_size_invalid"
      },
      {
        "signal_time": "2025-11-10 20:00:00+09:00",
        "entry_time": "2025-11-11 04:00:00+09:00",
        "symbol": "USD/JPY",
        "side": "LONG",
        "reason": "position_size_invalid"
      },
      {
        "signal_time": "2025-11-17 20:00:00+09:00",
        "entry_time": "2025-11-18 04:00:00+09:00",
        "symbol": "USD/JPY",
        "side": "LONG",
        "reason": "position_size_invalid"
      },
      {
        "signal_time": "2025-11-25 00:00:00+09:00",
        "entry_time": "2025-11-25 08:00:00+09:00",
        "symbol": "USD/JPY",
        "side": "LONG",
        "reason": "position_size_invalid"
      },
      {
        "signal_time": "2025-11-27 00:00:00+09:00",
        "entry_time": "2025-11-27 08:00:00+09:00",
        "symbol": "USD/JPY",
        "side": "LONG",
        "reason": "position_size_invalid"
      },
      {
        "signal_time": "2025-12-12 00:00:00+09:00",
        "entry_time": "2025-12-12 08:00:00+09:00",
        "symbol": "USD/JPY",
        "side": "LONG",
        "reason": "position_size_invalid"
      },
      {
        "signal_time": "2025-12-13 08:00:00+09:00",
        "entry_time": "2025-12-13 16:00:00+09:00",
        "symbol": "USD/JPY",
        "side": "SHORT",
        "reason": "maintenance"
      },
      {
        "signal_time": "2025-12-26 20:00:00+09:00",
        "entry_time": "2025-12-27 04:00:00+09:00",
        "symbol": "USD/JPY",
        "side": "SHORT",
        "reason": "position_size_invalid"
      },
      {
        "signal_time": "2026-01-13 04:00:00+09:00",
        "entry_time": "2026-01-13 12:00:00+09:00",
        "symbol": "USD/JPY",
        "side": "LONG",
        "reason": "position_size_invalid"
      },
      {
        "signal_time": "2026-01-15 20:00:00+09:00",
        "entry_time": "2026-01-16 04:00:00+09:00",
        "symbol": "USD/JPY",
        "side": "LONG",
        "reason": "position_size_invalid"
      }
    ]
  }
}