{
  "start_date": "2024-01-01",
  "end_date": "2026-02-14",
  "initial_equity": 500000.0,
  "final_equity": 586484.4869103504,
  "total_trades": 108,
  "wins": 54,
  "losses": 54,
  "win_rate": 0.5,
  "total_pnl_gross": 91500.48691035037,
  "total_pnl_net": 86484.48691035037,
  "total_cost": 5016.0,
  "pf_gross": 1.637592848560065,
  "pf_net": 1.5925328998123882,
  "avg_win_net": 4304.477056971285,
  "avg_loss_net": -2702.9124845573883,
  "expectancy_net": 800.7822862069481,
  "avg_r_multiple": 0.3093712689276916,
  "max_drawdown_close_based": 0.03749846510031852,
  "per_symbol": {
    "USD/JPY": {
      "count": 108,
      "total_pnl_net": 86484.48691035037,
      "win_rate": 0.5,
      "avg_pnl_net": 800.7822862069478,
      "avg_win": 4304.477056971285,
      "avg_loss": -2702.9124845573883
    }
  },
  "per_side": {
    "LONG": {
      "count": 67,
      "total_pnl_net": 75439.02886762314,
      "win_rate": 0.5373134328358209,
      "avg_pnl_net": 1125.955654740644,
      "avg_win": 4455.46694384337,
      "avg_loss": -2740.573584217361
    },
    "SHORT": {
      "count": 41,
      "total_pnl_net": 11045.45804272721,
      "win_rate": 0.43902439024390244,
      "avg_pnl_net": 269.40141567627353,
      "avg_win": 4002.497283227113,
      "avg_loss": -2652.151871972209
    }
  },
  "per_exit_reason": {
    "TP2": {
      "count": 34,
      "total_pnl_net": 194091.76169309748,
      "win_rate": 1.0,
      "avg_pnl_net": 5708.581226267571,
      "avg_win": 5708.581226267571,
      "avg_loss": 0.0
    },
    "BE": {
      "count": 20,
      "total_pnl_net": 38349.99938335188,
      "win_rate": 1.0,
      "avg_pnl_net": 1917.4999691675941,
      "avg_win": 1917.4999691675941,
      "avg_loss": 0.0
    },
    "SL": {
      "count": 54,
      "total_pnl_net": -145957.27416609897,
      "win_rate": 0.0,
      "avg_pnl_net": -2702.9124845573883,
      "avg_win": 0.0,
      "avg_loss": -2702.9124845573883
    }
  },
  "risk_violations_count": 78,
  "risk_violations": [
    {
      "trade_id": 3,
      "risk_jpy": 2598.1757628463242,
      "max_allowed": 2525.0,
      "excess_pct": 3.9270305138529693
    },
    {
      "trade_id": 6,
      "risk_jpy": 2543.8278160921186,
      "max_allowed": 2525.0,
      "excess_pct": 1.75311264368474
    },
    {
      "trade_id": 8,
      "risk_jpy": 2637.9900720573346,
      "max_allowed": 2525.0,
      "excess_pct": 5.519602882293384
    },
    {
      "trade_id": 10,
      "risk_jpy": 2640.7862037842733,
      "max_allowed": 2525.0,
      "excess_pct": 5.6314481513709325
    },
    {
      "trade_id": 11,
      "risk_jpy": 2634.884091628635,
      "max_allowed": 2525.0,
      "excess_pct": 5.395363665145392
    },
    {
      "trade_id": 13,
      "risk_jpy": 2688.5564656815577,
      "max_allowed": 2525.0,
      "excess_pct": 7.542258627262299
    },
    {
      "trade_id": 14,
      "risk_jpy": 2626.520810811826,
      "max_allowed": 2525.0,
      "excess_pct": 5.060832432473039
    },
    {
      "trade_id": 15,
      "risk_jpy": 2592.1582746502168,
      "max_allowed": 2525.0,
      "excess_pct": 3.686330986008679
    },
    {
      "trade_id": 18,
      "risk_jpy": 2619.728989181027,
      "max_allowed": 2525.0,
      "excess_pct": 4.789159567241086
    },
    {
      "trade_id": 19,
      "risk_jpy": 2700.273561268318,
      "max_allowed": 2525.0,
      "excess_pct": 8.010942450732728
    },
    {
      "trade_id": 21,
      "risk_jpy": 2600.768154253359,
      "max_allowed": 2525.0,
      "excess_pct": 4.030726170134358
    },
    {
      "trade_id": 22,
      "risk_jpy": 2597.45416028025,
      "max_allowed": 2525.0,
      "excess_pct": 3.8981664112100134
    },
    {
      "trade_id": 23,
      "risk_jpy": 2545.062787390293,
      "max_allowed": 2525.0,
      "excess_pct": 1.802511495611725
    },
    {
      "trade_id": 24,
      "risk_jpy": 2670.6758161380435,
      "max_allowed": 2525.0,
      "excess_pct": 6.827032645521736
    },
    {
      "trade_id": 25,
      "risk_jpy": 2540.265640790551,
      "max_allowed": 2525.0,
      "excess_pct": 1.6106256316220424
    },
    {
      "trade_id": 26,
      "risk_jpy": 2650.4394483785063,
      "max_allowed": 2525.0,
      "excess_pct": 6.017577935140261
    },
    {
      "trade_id": 31,
      "risk_jpy": 2692.6903542293985,
      "max_allowed": 2525.0,
      "excess_pct": 7.707614169175936
    },
    {
      "trade_id": 36,
      "risk_jpy": 2827.942736324985,
      "max_allowed": 2525.0,
      "excess_pct": 13.117709452999415
    },
    {
      "trade_id": 38,
      "risk_jpy": 2657.4556298201915,
      "max_allowed": 2525.0,
      "excess_pct": 6.298225192807649
    },
    {
      "trade_id": 39,
      "risk_jpy": 2649.3157109848084,
      "max_allowed": 2525.0,
      "excess_pct": 5.972628439392347
    },
    {
      "trade_id": 40,
      "risk_jpy": 2818.479808342545,
      "max_allowed": 2525.0,
      "excess_pct": 12.739192333701798
    },
    {
      "trade_id": 41,
      "risk_jpy": 2701.024828785876,
      "max_allowed": 2525.0,
      "excess_pct": 8.040993151435028
    },
    {
      "trade_id": 43,
      "risk_jpy": 2850.105409270043,
      "max_allowed": 2525.0,
      "excess_pct": 14.004216370801714
    },
    {
      "trade_id": 44,
      "risk_jpy": 2724.7752810007455,
      "max_allowed": 2525.0,
      "excess_pct": 8.991011240029811
    },
    {
      "trade_id": 45,
      "risk_jpy": 2632.4757850790093,
      "max_allowed": 2525.0,
      "excess_pct": 5.29903140316037
    },
    {
      "trade_id": 46,
      "risk_jpy": 2697.112752243811,
      "max_allowed": 2525.0,
      "excess_pct": 7.884510089752439
    },
    {
      "trade_id": 47,
      "risk_jpy": 2682.638359269873,
      "max_allowed": 2525.0,
      "excess_pct": 7.3055343707949305
    },
    {
      "trade_id": 48,
      "risk_jpy": 2820.497899047723,
      "max_allowed": 2525.0,
      "excess_pct": 12.819915961908922
    },
    {
      "trade_id": 49,
      "risk_jpy": 2541.7189169176595,
      "max_allowed": 2525.0,
      "excess_pct": 1.6687566767063844
    },
    {
      "trade_id": 50,
      "risk_jpy": 2790.9272244707495,
      "max_allowed": 2525.0,
      "excess_pct": 11.63708897882998
    },
    {
      "trade_id": 51,
      "risk_jpy": 2640.4378029251066,
      "max_allowed": 2525.0,
      "excess_pct": 5.617512117004253
    },
    {
      "trade_id": 52,
      "risk_jpy": 2840.747115370732,
      "max_allowed": 2525.0,
      "excess_pct": 13.62988461482928
    },
    {
      "trade_id": 55,
      "risk_jpy": 2714.678153015626,
      "max_allowed": 2525.0,
      "excess_pct": 8.587126120625044
    },
    {
      "trade_id": 56,
      "risk_jpy": 2768.174994276478,
      "max_allowed": 2525.0,
      "excess_pct": 10.72699977105913
    },
    {
      "trade_id": 58,
      "risk_jpy": 2600.1065196098807,
      "max_allowed": 2525.0,
      "excess_pct": 4.004260784395219
    },
    {
      "trade_id": 59,
      "risk_jpy": 2766.249365036799,
      "max_allowed": 2525.0,
      "excess_pct": 10.649974601471968
    },
    {
      "trade_id": 62,
      "risk_jpy": 2784.8056860754014,
      "max_allowed": 2525.0,
      "excess_pct": 11.392227443016045
    },
    {
      "trade_id": 63,
      "risk_jpy": 2547.6152753131487,
      "max_allowed": 2525.0,
      "excess_pct": 1.9046110125259474
    },
    {
      "trade_id": 64,
      "risk_jpy": 2677.8209127961077,
      "max_allowed": 2525.0,
      "excess_pct": 7.1128365118443115
    },
    {
      "trade_id": 65,
      "risk_jpy": 2701.871881183365,
      "max_allowed": 2525.0,
      "excess_pct": 8.074875247334612
    },
    {
      "trade_id": 69,
      "risk_jpy": 2809.557138211716,
      "max_allowed": 2525.0,
      "excess_pct": 12.382285528468628
    },
    {
      "trade_id": 70,
      "risk_jpy": 2581.361908400623,
      "max_allowed": 2525.0,
      "excess_pct": 3.2544763360249362
    },
    {
      "trade_id": 71,
      "risk_jpy": 2847.7891792813352,
      "max_allowed": 2525.0,
      "excess_pct": 13.911567171253413
    },
    {
      "trade_id": 74,
      "risk_jpy": 2613.3501336481404,
      "max_allowed": 2525.0,
      "excess_pct": 4.534005345925607
    },
    {
      "trade_id": 75,
      "risk_jpy": 2695.937872393728,
      "max_allowed": 2525.0,
      "excess_pct": 7.837514895749109
    },
    {
      "trade_id": 76,
      "risk_jpy": 2586.982885065794,
      "max_allowed": 2525.0,
      "excess_pct": 3.479315402631755
    },
    {
      "trade_id": 77,
      "risk_jpy": 2633.0888960004586,
      "max_allowed": 2525.0,
      "excess_pct": 5.323555840018335
    },
    {
      "trade_id": 78,
      "risk_jpy": 2682.5920244409645,
      "max_allowed": 2525.0,
      "excess_pct": 7.3036809776385825
    },
    {
      "trade_id": 79,
      "risk_jpy": 2583.094845462597,
      "max_allowed": 2525.0,
      "excess_pct": 3.323793818503873
    },
    {
      "trade_id": 80,
      "risk_jpy": 3054.0971020196253,
      "max_allowed": 2525.0,
      "excess_pct": 22.163884080785003
    },
    {
      "trade_id": 81,
      "risk_jpy": 2693.883297018033,
      "max_allowed": 2525.0,
      "excess_pct": 7.755331880721306
    },
    {
      "trade_id": 82,
      "risk_jpy": 3024.127681152322,
      "max_allowed": 2525.0,
      "excess_pct": 20.965107246092884
    },
    {
      "trade_id": 83,
      "risk_jpy": 2921.465434616948,
      "max_allowed": 2525.0,
      "excess_pct": 16.85861738467793
    },
    {
      "trade_id": 84,
      "risk_jpy": 2758.0958171575103,
      "max_allowed": 2525.0,
      "excess_pct": 10.323832686300417
    },
    {
      "trade_id": 85,
      "risk_jpy": 2761.5057921507287,
      "max_allowed": 2525.0,
      "excess_pct": 10.460231686029143
    },
    {
      "trade_id": 86,
      "risk_jpy": 2880.160280041764,
      "max_allowed": 2525.0,
      "excess_pct": 15.206411201670566
    },
    {
      "trade_id": 87,
      "risk_jpy": 2858.5608938142286,
      "max_allowed": 2525.0,
      "excess_pct": 14.342435752569148
    },
    {
      "trade_id": 88,
      "risk_jpy": 2951.014518969828,
      "max_allowed": 2525.0,
      "excess_pct": 18.040580758793112
    },
    {
      "trade_id": 89,
      "risk_jpy": 2902.502751478778,
      "max_allowed": 2525.0,
      "excess_pct": 16.100110059151127
    },
    {
      "trade_id": 90,
      "risk_jpy": 3062.096521952554,
      "max_allowed": 2525.0,
      "excess_pct": 22.48386087810217
    },
    {
      "trade_id": 91,
      "risk_jpy": 2809.3181446093354,
      "max_allowed": 2525.0,
      "excess_pct": 12.372725784373406
    },
    {
      "trade_id": 92,
      "risk_jpy": 2995.4981901526025,
      "max_allowed": 2525.0,
      "excess_pct": 19.819927606104095
    },
    {
      "trade_id": 93,
      "risk_jpy": 2864.187890786383,
      "max_allowed": 2525.0,
      "excess_pct": 14.567515631455308
    },
    {
      "trade_id": 94,
      "risk_jpy": 2659.272390457943,
      "max_allowed": 2525.0,
      "excess_pct": 6.370895618317718
    },
    {
      "trade_id": 95,
      "risk_jpy": 2757.94694222779,
      "max_allowed": 2525.0,
      "excess_pct": 10.317877689111587
    },
    {
      "trade_id": 96,
      "risk_jpy": 2740.669885827174,
      "max_allowed": 2525.0,
      "excess_pct": 9.626795433086954
    },
    {
      "trade_id": 97,
      "risk_jpy": 2804.397459763038,
      "max_allowed": 2525.0,
      "excess_pct": 12.175898390521533
    },
    {
      "trade_id": 98,
      "risk_jpy": 2882.6318316591824,
      "max_allowed": 2525.0,
      "excess_pct": 15.305273266367303
    },
    {
      "trade_id": 99,
      "risk_jpy": 2844.645601408729,
      "max_allowed": 2525.0,
      "excess_pct": 13.78582405634916
    },
    {
      "trade_id": 100,
      "risk_jpy": 3058.9526271737386,
      "max_allowed": 2525.0,
      "excess_pct": 22.358105086949553
    },
    {
      "trade_id": 101,
      "risk_jpy": 2977.633652172699,
      "max_allowed": 2525.0,
      "excess_pct": 19.10534608690795
    },
    {
      "trade_id": 102,
      "risk_jpy": 2927.5321587242615,
      "max_allowed": 2525.0,
      "excess_pct": 17.101286348970458
    },
    {
      "trade_id": 103,
      "risk_jpy": 2840.9532438355427,
      "max_allowed": 2525.0,
      "excess_pct": 13.638129753421712
    },
    {
      "trade_id": 104,
      "risk_jpy": 3124.5127077281154,
      "max_allowed": 2525.0,
      "excess_pct": 24.980508309124616
    },
    {
      "trade_id": 105,
      "risk_jpy": 3022.9529026617,
      "max_allowed": 2525.0,
      "excess_pct": 20.91811610646801
    },
    {
      "trade_id": 106,
      "risk_jpy": 3095.432486197751,
      "max_allowed": 2525.0,
      "excess_pct": 23.817299447910045
    },
    {
      "trade_id": 107,
      "risk_jpy": 2863.2657104708132,
      "max_allowed": 2525.0,
      "excess_pct": 14.530628418832524
    },
    {
      "trade_id": 108,
      "risk_jpy": 2997.6594616070997,
      "max_allowed": 2525.0,
      "excess_pct": 19.906378464283982
    }
  ],
  "monthly_returns": [
    {
      "month": "2024-01",
      "trades": 4,
      "pnl_net": -9715.985121552814,
      "equity": 490284.01487844717,
      "return_pct": -1.943197024310563
    },
    {
      "month": "2024-02",
      "trades": 6,
      "pnl_net": 8727.71964118897,
      "equity": 499011.73451963614,
      "return_pct": 1.745543928237794
    },
    {
      "month": "2024-03",
      "trades": 1,
      "pnl_net": -2711.8840916287354,
      "equity": 496299.8504280074,
      "return_pct": -0.542376818325747
    },
    {
      "month": "2024-04",
      "trades": 6,
      "pnl_net": 5113.955619914937,
      "equity": 501413.80604792235,
      "return_pct": 1.0227911239829877
    },
    {
      "month": "2024-05",
      "trades": 2,
      "pnl_net": 2946.6166643884203,
      "equity": 504360.42271231074,
      "return_pct": 0.589323332877684
    },
    {
      "month": "2024-06",
      "trades": 4,
      "pnl_net": 13810.940743127665,
      "equity": 518171.3634554384,
      "return_pct": 2.762188148625533
    },
    {
      "month": "2024-07",
      "trades": 5,
      "pnl_net": -177.86010378029187,
      "equity": 517993.5033516581,
      "return_pct": -0.03557202075605838
    },
    {
      "month": "2024-08",
      "trades": 5,
      "pnl_net": -3433.3023446267666,
      "equity": 514560.20100703137,
      "return_pct": -0.6866604689253533
    },
    {
      "month": "2024-09",
      "trades": 3,
      "pnl_net": 12162.816029769547,
      "equity": 526723.017036801,
      "return_pct": 2.432563205953909
    },
    {
      "month": "2024-10",
      "trades": 3,
      "pnl_net": 16876.267939680783,
      "equity": 543599.2849764818,
      "return_pct": 3.375253587936157
    },
    {
      "month": "2024-11",
      "trades": 2,
      "pnl_net": -904.7111867533672,
      "equity": 542694.5737897285,
      "return_pct": -0.18094223735067344
    },
    {
      "month": "2024-12",
      "trades": 3,
      "pnl_net": 9739.712467447707,
      "equity": 552434.2862571762,
      "return_pct": 1.9479424934895413
    },
    {
      "month": "2025-01",
      "trades": 11,
      "pnl_net": -20222.421962084358,
      "equity": 532211.8642950918,
      "return_pct": -4.044484392416871
    },
    {
      "month": "2025-02",
      "trades": 4,
      "pnl_net": 7181.910851549276,
      "equity": 539393.7751466411,
      "return_pct": 1.4363821703098552
    },
    {
      "month": "2025-03",
      "trades": 6,
      "pnl_net": -3887.646479711203,
      "equity": 535506.1286669299,
      "return_pct": -0.7775292959422406
    },
    {
      "month": "2025-04",
      "trades": 3,
      "pnl_net": 7074.076679567869,
      "equity": 542580.2053464978,
      "return_pct": 1.4148153359135738
    },
    {
      "month": "2025-05",
      "trades": 5,
      "pnl_net": 2723.3428006847917,
      "equity": 545303.5481471826,
      "return_pct": 0.5446685601369583
    },
    {
      "month": "2025-06",
      "trades": 2,
      "pnl_net": 7803.372813121312,
      "equity": 553106.9209603039,
      "return_pct": 1.5606745626242624
    },
    {
      "month": "2025-07",
      "trades": 5,
      "pnl_net": 21341.9810677601,
      "equity": 574448.902028064,
      "return_pct": 4.268396213552021
    },
    {
      "month": "2025-08",
      "trades": 3,
      "pnl_net": -3615.252970771312,
      "equity": 570833.6490572927,
      "return_pct": -0.7230505941542624
    },
    {
      "month": "2025-09",
      "trades": 6,
      "pnl_net": 1804.0508610635716,
      "equity": 572637.6999183563,
      "return_pct": 0.36081017221271433
    },
    {
      "month": "2025-10",
      "trades": 3,
      "pnl_net": -9075.912856714764,
      "equity": 563561.7870616415,
      "return_pct": -1.8151825713429528
    },
    {
      "month": "2025-11",
      "trades": 5,
      "pnl_net": 4257.408485354121,
      "equity": 567819.1955469956,
      "return_pct": 0.8514816970708241
    },
    {
      "month": "2025-12",
      "trades": 4,
      "pnl_net": 6779.330530476851,
      "equity": 574598.5260774725,
      "return_pct": 1.3558661060953703
    },
    {
      "month": "2026-01",
      "trades": 6,
      "pnl_net": 5388.7270442629015,
      "equity": 579987.2531217354,
      "return_pct": 1.0777454088525804
    },
    {
      "month": "2026-02",
      "trades": 1,
      "pnl_net": 6497.233788615136,
      "equity": 586484.4869103505,
      "return_pct": 1.2994467577230273
    }
  ],
  "run_id": "risk_060_500k",
  "symbol": "USD/JPY",
  "config_file": "config/minnafx.yaml",
  "parameters": {
    "initial_equity": 500000.0,
    "risk_pct": 0.006,
    "atr_multiplier": 1.0,
    "tp1_r": 1.5,
    "tp2_r": 3.0
  },
  "stats": {
    "total_signals": 119,
    "executed_trades": 108,
    "skipped_signals": 11,
    "maintenance_skips": 10,
    "spread_filter_skips": 0,
    "position_size_skips": 1,
    "skipped_details": [
      {
        "signal_time": "2024-02-03 08:00:00+09:00",
        "entry_time": "2024-02-03 12:00:00+09:00",
        "symbol": "USD/JPY",
        "side": "LONG",
        "reason": "maintenance"
      },
      {
        "signal_time": "2024-02-22 00:00:00+09:00",
        "entry_time": "2024-02-22 04:00:00+09:00",
        "symbol": "USD/JPY",
        "side": "LONG",
        "reason": "position_size_invalid"
      },
      {
        "signal_time": "2024-08-24 08:00:00+09:00",
        "entry_time": "2024-08-24 12:00:00+09:00",
        "symbol": "USD/JPY",
        "side": "SHORT",
        "reason": "maintenance"
      },
      {
        "signal_time": "2024-09-07 08:00:00+09:00",
        "entry_time": "2024-09-07 12:00:00+09:00",
        "symbol": "USD/JPY",
        "side": "SHORT",
        "reason": "maintenance"
      },
      {
        "signal_time": "2024-11-02 08:00:00+09:00",
        "entry_time": "2024-11-02 12:00:00+09:00",
        "symbol": "USD/JPY",
        "side": "LONG",
        "reason": "maintenance"
      },
      {
        "signal_time": "2024-11-23 08:00:00+09:00",
        "entry_time": "2024-11-23 12:00:00+09:00",
        "symbol": "USD/JPY",
        "side": "LONG",
        "reason": "maintenance"
      },
      {
        "signal_time": "2024-12-28 12:00:00+09:00",
        "entry_time": "2024-12-28 16:00:00+09:00",
        "symbol": "USD/JPY",
        "side": "LONG",
        "reason": "maintenance"
      },
      {
        "signal_time": "2025-05-03 08:00:00+09:00",
        "entry_time": "2025-05-03 12:00:00+09:00",
        "symbol": "USD/JPY",
        "side": "LONG",
        "reason": "maintenance"
      },
      {
        "signal_time": "2025-06-28 12:00:00+09:00",
        "entry_time": "2025-06-28 16:00:00+09:00",
        "symbol": "USD/JPY",
        "side": "SHORT",
        "reason": "maintenance"
      },
      {
        "signal_time": "2025-12-13 12:00:00+09:00",
        "entry_time": "2025-12-13 16:00:00+09:00",
        "symbol": "USD/JPY",
        "side": "LONG",
        "reason": "maintenance"
      },
      {
        "signal_time": "2026-01-24 08:00:00+09:00",
        "entry_time": "2026-01-24 12:00:00+09:00",
        "symbol": "USD/JPY",
        "side": "SHORT",
        "reason": "maintenance"
      }
    ]
  }
}