signal_time,entry_time,symbol,side,reason
2024-01-09 12:00:00+09:00,2024-01-09 16:00:00+09:00,USD/JPY,LONG,position_size_invalid
2024-01-13 04:00:00+09:00,2024-01-13 08:00:00+09:00,USD/JPY,LONG,position_size_invalid
2024-01-24 04:00:00+09:00,2024-01-24 08:00:00+09:00,USD/JPY,LONG,position_size_invalid
2024-01-27 00:00:00+09:00,2024-01-27 04:00:00+09:00,USD/JPY,LONG,position_size_invalid
2024-01-27 08:00:00+09:00,2024-01-27 12:00:00+09:00,USD/JPY,LONG,maintenance
2024-02-03 08:00:00+09:00,2024-02-03 12:00:00+09:00,USD/JPY,LONG,maintenance
2024-04-30 04:00:00+09:00,2024-04-30 08:00:00+09:00,USD/JPY,LONG,position_size_invalid
2024-05-17 12:00:00+09:00,2024-05-17 16:00:00+09:00,USD/JPY,LONG,position_size_invalid
2024-06-07 08:00:00+09:00,2024-06-07 12:00:00+09:00,USD/JPY,SHORT,position_size_invalid
2024-06-13 12:00:00+09:00,2024-06-13 16:00:00+09:00,USD/JPY,LONG,position_size_invalid
2024-06-18 00:00:00+09:00,2024-06-18 04:00:00+09:00,USD/JPY,LONG,position_size_invalid
2024-07-27 04:00:00+09:00,2024-07-27 08:00:00+09:00,USD/JPY,SHORT,position_size_invalid
2024-07-31 08:00:00+09:00,2024-07-31 12:00:00+09:00,USD/JPY,SHORT,position_size_invalid
2024-08-10 04:00:00+09:00,2024-08-10 08:00:00+09:00,USD/JPY,SHORT,position_size_invalid
2024-08-15 08:00:00+09:00,2024-08-15 12:00:00+09:00,USD/JPY,SHORT,position_size_invalid
2024-08-17 12:00:00+09:00,2024-08-19 16:00:00+09:00,USD/JPY,SHORT,position_size_invalid
2024-08-19 16:00:00+09:00,2024-08-19 20:00:00+09:00,USD/JPY,SHORT,position_size_invalid
2024-08-22 08:00:00+09:00,2024-08-22 12:00:00+09:00,USD/JPY,SHORT,position_size_invalid
2024-08-24 08:00:00+09:00,2024-08-24 12:00:00+09:00,USD/JPY,SHORT,maintenance
2024-08-29 12:00:00+09:00,2024-08-29 16:00:00+09:00,USD/JPY,SHORT,position_size_invalid
2024-09-07 08:00:00+09:00,2024-09-07 12:00:00+09:00,USD/JPY,SHORT,maintenance
2024-09-10 04:00:00+09:00,2024-09-10 08:00:00+09:00,USD/JPY,SHORT,position_size_invalid
2024-09-10 20:00:00+09:00,2024-09-11 00:00:00+09:00,USD/JPY,SHORT,position_size_invalid
2024-09-11 04:00:00+09:00,2024-09-11 08:00:00+09:00,USD/JPY,SHORT,position_size_invalid
2024-09-13 00:00:00+09:00,2024-09-13 04:00:00+09:00,USD/JPY,SHORT,position_size_invalid
2024-09-13 12:00:00+09:00,2024-09-13 16:00:00+09:00,USD/JPY,SHORT,position_size_invalid
2024-09-21 00:00:00+09:00,2024-09-21 04:00:00+09:00,USD/JPY,LONG,position_size_invalid
2024-09-25 20:00:00+09:00,2024-09-26 00:00:00+09:00,USD/JPY,LONG,position_size_invalid
2024-10-02 16:00:00+09:00,2024-10-02 20:00:00+09:00,USD/JPY,LONG,position_size_invalid
2024-10-03 00:00:00+09:00,2024-10-03 04:00:00+09:00,USD/JPY,LONG,position_size_invalid
2024-10-11 20:00:00+09:00,2024-10-12 00:00:00+09:00,USD/JPY,LONG,position_size_invalid
2024-10-17 08:00:00+09:00,2024-10-17 12:00:00+09:00,USD/JPY,LONG,position_size_invalid
2024-11-02 08:00:00+09:00,2024-11-02 12:00:00+09:00,USD/JPY,LONG,maintenance
2024-11-06 20:00:00+09:00,2024-11-07 00:00:00+09:00,USD/JPY,LONG,position_size_invalid
2024-11-20 12:00:00+09:00,2024-11-20 16:00:00+09:00,USD/JPY,LONG,position_size_invalid
2024-11-20 16:00:00+09:00,2024-11-20 20:00:00+09:00,USD/JPY,LONG,position_size_invalid
2024-11-23 08:00:00+09:00,2024-11-23 12:00:00+09:00,USD/JPY,LONG,maintenance
2024-12-05 20:00:00+09:00,2024-12-06 00:00:00+09:00,USD/JPY,SHORT,position_size_invalid
2024-12-07 08:00:00+09:00,2024-12-07 12:00:00+09:00,USD/JPY,SHORT,maintenance
2024-12-13 08:00:00+09:00,2024-12-13 12:00:00+09:00,USD/JPY,LONG,position_size_invalid
2024-12-18 16:00:00+09:00,2024-12-18 20:00:00+09:00,USD/JPY,LONG,position_size_invalid
2024-12-28 12:00:00+09:00,2024-12-28 16:00:00+09:00,USD/JPY,LONG,maintenance
2025-01-03 04:00:00+09:00,2025-01-03 08:00:00+09:00,USD/JPY,LONG,position_size_invalid
2025-01-03 12:00:00+09:00,2025-01-03 16:00:00+09:00,USD/JPY,LONG,position_size_invalid
2025-01-07 08:00:00+09:00,2025-01-07 12:00:00+09:00,USD/JPY,LONG,position_size_invalid
2025-01-10 00:00:00+09:00,2025-01-10 04:00:00+09:00,USD/JPY,LONG,position_size_invalid
2025-01-10 08:00:00+09:00,2025-01-10 12:00:00+09:00,USD/JPY,LONG,position_size_invalid
2025-01-15 04:00:00+09:00,2025-01-15 08:00:00+09:00,USD/JPY,LONG,position_size_invalid
2025-01-15 08:00:00+09:00,2025-01-15 12:00:00+09:00,USD/JPY,LONG,position_size_invalid
2025-01-20 20:00:00+09:00,2025-01-21 00:00:00+09:00,USD/JPY,SHORT,position_size_invalid
2025-01-21 08:00:00+09:00,2025-01-21 12:00:00+09:00,USD/JPY,SHORT,position_size_invalid
2025-01-21 20:00:00+09:00,2025-01-22 00:00:00+09:00,USD/JPY,SHORT,position_size_invalid
2025-01-22 08:00:00+09:00,2025-01-22 12:00:00+09:00,USD/JPY,SHORT,position_size_invalid
2025-01-23 04:00:00+09:00,2025-01-23 08:00:00+09:00,USD/JPY,SHORT,position_size_invalid
2025-01-24 20:00:00+09:00,2025-01-25 00:00:00+09:00,USD/JPY,SHORT,position_size_invalid
2025-01-29 04:00:00+09:00,2025-01-29 08:00:00+09:00,USD/JPY,SHORT,position_size_invalid
2025-01-29 20:00:00+09:00,2025-01-30 00:00:00+09:00,USD/JPY,SHORT,position_size_invalid
2025-01-30 08:00:00+09:00,2025-01-30 12:00:00+09:00,USD/JPY,SHORT,position_size_invalid
2025-02-11 04:00:00+09:00,2025-02-11 08:00:00+09:00,USD/JPY,SHORT,position_size_invalid
2025-02-25 20:00:00+09:00,2025-02-26 00:00:00+09:00,USD/JPY,SHORT,position_size_invalid
2025-02-26 08:00:00+09:00,2025-02-26 12:00:00+09:00,USD/JPY,SHORT,position_size_invalid
2025-02-27 08:00:00+09:00,2025-02-27 12:00:00+09:00,USD/JPY,SHORT,position_size_invalid
2025-02-28 20:00:00+09:00,2025-03-01 00:00:00+09:00,USD/JPY,SHORT,position_size_invalid
2025-03-06 00:00:00+09:00,2025-03-06 04:00:00+09:00,USD/JPY,SHORT,position_size_invalid
2025-03-12 08:00:00+09:00,2025-03-12 12:00:00+09:00,USD/JPY,SHORT,position_size_invalid
2025-03-21 20:00:00+09:00,2025-03-22 00:00:00+09:00,USD/JPY,LONG,position_size_invalid
2025-03-22 08:00:00+09:00,2025-03-22 12:00:00+09:00,USD/JPY,LONG,maintenance
2025-04-02 00:00:00+09:00,2025-04-02 04:00:00+09:00,USD/JPY,SHORT,position_size_invalid
2025-04-03 08:00:00+09:00,2025-04-03 12:00:00+09:00,USD/JPY,LONG,position_size_invalid
2025-04-09 00:00:00+09:00,2025-04-09 04:00:00+09:00,USD/JPY,SHORT,position_size_invalid
2025-04-09 08:00:00+09:00,2025-04-09 12:00:00+09:00,USD/JPY,SHORT,position_size_invalid
2025-04-11 00:00:00+09:00,2025-04-11 04:00:00+09:00,USD/JPY,SHORT,position_size_invalid
2025-04-30 04:00:00+09:00,2025-04-30 08:00:00+09:00,USD/JPY,SHORT,position_size_invalid
2025-05-01 12:00:00+09:00,2025-05-01 16:00:00+09:00,USD/JPY,LONG,position_size_invalid
2025-05-03 08:00:00+09:00,2025-05-03 12:00:00+09:00,USD/JPY,LONG,maintenance
2025-05-15 08:00:00+09:00,2025-05-15 12:00:00+09:00,USD/JPY,LONG,position_size_invalid
2025-05-23 12:00:00+09:00,2025-05-23 16:00:00+09:00,USD/JPY,SHORT,position_size_invalid
2025-05-31 04:00:00+09:00,2025-05-31 08:00:00+09:00,USD/JPY,SHORT,position_size_invalid
2025-06-10 04:00:00+09:00,2025-06-10 08:00:00+09:00,USD/JPY,LONG,position_size_invalid
2025-06-17 08:00:00+09:00,2025-06-17 12:00:00+09:00,USD/JPY,LONG,position_size_invalid
2025-06-28 12:00:00+09:00,2025-06-28 16:00:00+09:00,USD/JPY,SHORT,maintenance
2025-07-03 08:00:00+09:00,2025-07-03 12:00:00+09:00,USD/JPY,SHORT,position_size_invalid
2025-07-04 00:00:00+09:00,2025-07-04 04:00:00+09:00,USD/JPY,LONG,position_size_invalid
2025-07-25 08:00:00+09:00,2025-07-25 12:00:00+09:00,USD/JPY,LONG,position_size_invalid
2025-07-25 12:00:00+09:00,2025-07-25 16:00:00+09:00,USD/JPY,LONG,position_size_invalid
2025-08-26 16:00:00+09:00,2025-08-26 20:00:00+09:00,USD/JPY,SHORT,position_size_invalid
2025-09-05 04:00:00+09:00,2025-09-05 08:00:00+09:00,USD/JPY,LONG,position_size_invalid
2025-09-10 20:00:00+09:00,2025-09-11 00:00:00+09:00,USD/JPY,SHORT,position_size_invalid
2025-09-11 08:00:00+09:00,2025-09-11 12:00:00+09:00,USD/JPY,SHORT,position_size_invalid
2025-10-21 00:00:00+09:00,2025-10-21 04:00:00+09:00,USD/JPY,LONG,position_size_invalid
2025-10-30 12:00:00+09:00,2025-10-30 16:00:00+09:00,USD/JPY,LONG,position_size_invalid
2025-10-30 20:00:00+09:00,2025-10-31 00:00:00+09:00,USD/JPY,LONG,position_size_invalid
2025-12-13 12:00:00+09:00,2025-12-13 16:00:00+09:00,USD/JPY,LONG,maintenance
2026-01-24 08:00:00+09:00,2026-01-24 12:00:00+09:00,USD/JPY,SHORT,maintenance
