{
  "start_date": "2024-01-01",
  "end_date": "2026-02-14",
  "initial_equity": 100000.0,
  "final_equity": 104928.24508254982,
  "total_trades": 53,
  "wins": 28,
  "losses": 25,
  "win_rate": 0.5283018867924528,
  "total_pnl_gross": 5360.2450825498245,
  "total_pnl_net": 4928.245082549823,
  "total_cost": 432.0,
  "pf_gross": 1.553624882481266,
  "pf_net": 1.4987048138116204,
  "avg_win_net": 528.9404834501984,
  "avg_loss_net": -395.28353816222915,
  "expectancy_net": 92.98575627452502,
  "avg_r_multiple": 0.23335168978586476,
  "max_drawdown_close_based": 0.021660294606958605,
  "per_symbol": {
    "USD/JPY": {
      "count": 53,
      "total_pnl_net": 4928.245082549823,
      "win_rate": 0.5283018867924528,
      "avg_pnl_net": 92.98575627452496,
      "avg_win": 528.9404834501984,
      "avg_loss": -395.28353816222915
    }
  },
  "per_side": {
    "LONG": {
      "count": 42,
      "total_pnl_net": 2412.0940617436104,
      "win_rate": 0.5,
      "avg_pnl_net": 57.430810993895484,
      "avg_win": 504.64484339668553,
      "avg_loss": -389.78322140889446
    },
    "SHORT": {
      "count": 11,
      "total_pnl_net": 2516.151020806213,
      "win_rate": 0.6363636363636364,
      "avg_pnl_net": 228.74100189147396,
      "avg_win": 601.827403610737,
      "avg_loss": -424.1602011172363
    }
  },
  "per_exit_reason": {
    "TP2": {
      "count": 23,
      "total_pnl_net": 12717.53774875659,
      "win_rate": 0.9565217391304348,
      "avg_pnl_net": 552.9364238589822,
      "avg_win": 603.629133405702,
      "avg_loss": -562.3031861688519
    },
    "BE": {
      "count": 6,
      "total_pnl_net": 1530.492601680111,
      "win_rate": 1.0,
      "avg_pnl_net": 255.0821002800185,
      "avg_win": 255.0821002800185,
      "avg_loss": 0.0
    },
    "SL": {
      "count": 24,
      "total_pnl_net": -9319.785267886879,
      "win_rate": 0.0,
      "avg_pnl_net": -388.3243861619532,
      "avg_win": 0.0,
      "avg_loss": -388.3243861619532
    }
  },
  "risk_violations_count": 0,
  "risk_violations": [],
  "monthly_returns": [
    {
      "month": "2024-02",
      "trades": 6,
      "pnl_net": 1312.7554196059082,
      "equity": 101312.7554196059,
      "return_pct": 1.3127554196059081
    },
    {
      "month": "2024-03",
      "trades": 1,
      "pnl_net": -387.4120130898193,
      "equity": 100925.34340651608,
      "return_pct": -0.3874120130898193
    },
    {
      "month": "2024-04",
      "trades": 5,
      "pnl_net": -553.0722702005146,
      "equity": 100372.27113631557,
      "return_pct": -0.5530722702005146
    },
    {
      "month": "2024-05",
      "trades": 1,
      "pnl_net": -281.02735612684614,
      "equity": 100091.24378018873,
      "return_pct": -0.28102735612684615
    },
    {
      "month": "2024-06",
      "trades": 1,
      "pnl_net": 617.9459869512796,
      "equity": 100709.18976714001,
      "return_pct": 0.6179459869512796
    },
    {
      "month": "2024-07",
      "trades": 3,
      "pnl_net": -559.9270682062345,
      "equity": 100149.26269893377,
      "return_pct": -0.5599270682062345
    },
    {
      "month": "2024-10",
      "trades": 3,
      "pnl_net": 102.47713214471423,
      "equity": 100251.73983107849,
      "return_pct": 0.10247713214471424
    },
    {
      "month": "2025-01",
      "trades": 1,
      "pnl_net": -434.6198194862909,
      "equity": 99817.1200115922,
      "return_pct": -0.43461981948629086
    },
    {
      "month": "2025-02",
      "trades": 1,
      "pnl_net": 651.5033149511806,
      "equity": 100468.62332654338,
      "return_pct": 0.6515033149511806
    },
    {
      "month": "2025-03",
      "trades": 2,
      "pnl_net": -143.58436609776425,
      "equity": 100325.03896044561,
      "return_pct": -0.14358436609776423
    },
    {
      "month": "2025-07",
      "trades": 3,
      "pnl_net": 1951.1848045571307,
      "equity": 102276.22376500274,
      "return_pct": 1.951184804557131
    },
    {
      "month": "2025-08",
      "trades": 2,
      "pnl_net": -193.46857939503968,
      "equity": 102082.7551856077,
      "return_pct": -0.19346857939503967
    },
    {
      "month": "2025-09",
      "trades": 5,
      "pnl_net": 2255.5772903703746,
      "equity": 104338.33247597808,
      "return_pct": 2.2555772903703746
    },
    {
      "month": "2025-10",
      "trades": 1,
      "pnl_net": -448.4423602789507,
      "equity": 103889.89011569913,
      "return_pct": -0.4484423602789507
    },
    {
      "month": "2025-11",
      "trades": 7,
      "pnl_net": -360.3139928592211,
      "equity": 103529.5761228399,
      "return_pct": -0.3603139928592211
    },
    {
      "month": "2025-12",
      "trades": 4,
      "pnl_net": 450.09110884819495,
      "equity": 103979.6672316881,
      "return_pct": 0.450091108848195
    },
    {
      "month": "2026-01",
      "trades": 6,
      "pnl_net": 226.66298546003998,
      "equity": 104206.33021714815,
      "return_pct": 0.22666298546003996
    },
    {
      "month": "2026-02",
      "trades": 1,
      "pnl_net": 721.9148654016818,
      "equity": 104928.24508254982,
      "return_pct": 0.7219148654016818
    }
  ],
  "run_id": "structure_tp2",
  "symbol": "USD/JPY",
  "config_file": "config/minnafx.yaml",
  "parameters": {
    "initial_equity": 100000.0,
    "risk_pct": 0.005,
    "atr_multiplier": 1.0,
    "tp1_r": 1.5,
    "tp2_r": 3.0
  },
  "stats": {
    "total_signals": 147,
    "executed_trades": 53,
    "skipped_signals": 94,
    "maintenance_skips": 13,
    "spread_filter_skips": 0,
    "position_size_skips": 81,
    "skipped_details": [
      {
        "signal_time": "2024-01-09 12:00:00+09:00",
        "entry_time": "2024-01-09 16:00:00+09:00",
        "symbol": "USD/JPY",
        "side": "LONG",
        "reason": "position_size_invalid"
      },
      {
        "signal_time": "2024-01-13 04:00:00+09:00",
        "entry_time": "2024-01-13 08:00:00+09:00",
        "symbol": "USD/JPY",
        "side": "LONG",
        "reason": "position_size_invalid"
      },
      {
        "signal_time": "2024-01-24 04:00:00+09:00",
        "entry_time": "2024-01-24 08:00:00+09:00",
        "symbol": "USD/JPY",
        "side": "LONG",
        "reason": "position_size_invalid"
      },
      {
        "signal_time": "2024-01-27 00:00:00+09:00",
        "entry_time": "2024-01-27 04:00:00+09:00",
        "symbol": "USD/JPY",
        "side": "LONG",
        "reason": "position_size_invalid"
      },
      {
        "signal_time": "2024-01-27 08:00:00+09:00",
        "entry_time": "2024-01-27 12:00:00+09:00",
        "symbol": "USD/JPY",
        "side": "LONG",
        "reason": "maintenance"
      },
      {
        "signal_time": "2024-02-03 08:00:00+09:00",
        "entry_time": "2024-02-03 12:00:00+09:00",
        "symbol": "USD/JPY",
        "side": "LONG",
        "reason": "maintenance"
      },
      {
        "signal_time": "2024-04-30 04:00:00+09:00",
        "entry_time": "2024-04-30 08:00:00+09:00",
        "symbol": "USD/JPY",
        "side": "LONG",
        "reason": "position_size_invalid"
      },
      {
        "signal_time": "2024-05-17 12:00:00+09:00",
        "entry_time": "2024-05-17 16:00:00+09:00",
        "symbol": "USD/JPY",
        "side": "LONG",
        "reason": "position_size_invalid"
      },
      {
        "signal_time": "2024-06-07 08:00:00+09:00",
        "entry_time": "2024-06-07 12:00:00+09:00",
        "symbol": "USD/JPY",
        "side": "SHORT",
        "reason": "position_size_invalid"
      },
      {
        "signal_time": "2024-06-13 12:00:00+09:00",
        "entry_time": "2024-06-13 16:00:00+09:00",
        "symbol": "USD/JPY",
        "side": "LONG",
        "reason": "position_size_invalid"
      },
      {
        "signal_time": "2024-06-18 00:00:00+09:00",
        "entry_time": "2024-06-18 04:00:00+09:00",
        "symbol": "USD/JPY",
        "side": "LONG",
        "reason": "position_size_invalid"
      },
      {
        "signal_time": "2024-07-27 04:00:00+09:00",
        "entry_time": "2024-07-27 08:00:00+09:00",
        "symbol": "USD/JPY",
        "side": "SHORT",
        "reason": "position_size_invalid"
      },
      {
        "signal_time": "2024-07-31 08:00:00+09:00",
        "entry_time": "2024-07-31 12:00:00+09:00",
        "symbol": "USD/JPY",
        "side": "SHORT",
        "reason": "position_size_invalid"
      },
      {
        "signal_time": "2024-08-10 04:00:00+09:00",
        "entry_time": "2024-08-10 08:00:00+09:00",
        "symbol": "USD/JPY",
        "side": "SHORT",
        "reason": "position_size_invalid"
      },
      {
        "signal_time": "2024-08-15 08:00:00+09:00",
        "entry_time": "2024-08-15 12:00:00+09:00",
        "symbol": "USD/JPY",
        "side": "SHORT",
        "reason": "position_size_invalid"
      },
      {
        "signal_time": "2024-08-17 12:00:00+09:00",
        "entry_time": "2024-08-19 16:00:00+09:00",
        "symbol": "USD/JPY",
        "side": "SHORT",
        "reason": "position_size_invalid"
      },
      {
        "signal_time": "2024-08-19 16:00:00+09:00",
        "entry_time": "2024-08-19 20:00:00+09:00",
        "symbol": "USD/JPY",
        "side": "SHORT",
        "reason": "position_size_invalid"
      },
      {
        "signal_time": "2024-08-22 08:00:00+09:00",
        "entry_time": "2024-08-22 12:00:00+09:00",
        "symbol": "USD/JPY",
        "side": "SHORT",
        "reason": "position_size_invalid"
      },
      {
        "signal_time": "2024-08-24 08:00:00+09:00",
        "entry_time": "2024-08-24 12:00:00+09:00",
        "symbol": "USD/JPY",
        "side": "SHORT",
        "reason": "maintenance"
      },
      {
        "signal_time": "2024-08-29 12:00:00+09:00",
        "entry_time": "2024-08-29 16:00:00+09:00",
        "symbol": "USD/JPY",
        "side": "SHORT",
        "reason": "position_size_invalid"
      },
      {
        "signal_time": "2024-09-07 08:00:00+09:00",
        "entry_time": "2024-09-07 12:00:00+09:00",
        "symbol": "USD/JPY",
        "side": "SHORT",
        "reason": "maintenance"
      },
      {
        "signal_time": "2024-09-10 04:00:00+09:00",
        "entry_time": "2024-09-10 08:00:00+09:00",
        "symbol": "USD/JPY",
        "side": "SHORT",
        "reason": "position_size_invalid"
      },
      {
        "signal_time": "2024-09-10 20:00:00+09:00",
        "entry_time": "2024-09-11 00:00:00+09:00",
        "symbol": "USD/JPY",
        "side": "SHORT",
        "reason": "position_size_invalid"
      },
      {
        "signal_time": "2024-09-11 04:00:00+09:00",
        "entry_time": "2024-09-11 08:00:00+09:00",
        "symbol": "USD/JPY",
        "side": "SHORT",
        "reason": "position_size_invalid"
      },
      {
        "signal_time": "2024-09-13 00:00:00+09:00",
        "entry_time": "2024-09-13 04:00:00+09:00",
        "symbol": "USD/JPY",
        "side": "SHORT",
        "reason": "position_size_invalid"
      },
      {
        "signal_time": "2024-09-13 12:00:00+09:00",
        "entry_time": "2024-09-13 16:00:00+09:00",
        "symbol": "USD/JPY",
        "side": "SHORT",
        "reason": "position_size_invalid"
      },
      {
        "signal_time": "2024-09-21 00:00:00+09:00",
        "entry_time": "2024-09-21 04:00:00+09:00",
        "symbol": "USD/JPY",
        "side": "LONG",
        "reason": "position_size_invalid"
      },
      {
        "signal_time": "2024-09-25 20:00:00+09:00",
        "entry_time": "2024-09-26 00:00:00+09:00",
        "symbol": "USD/JPY",
        "side": "LONG",
        "reason": "position_size_invalid"
      },
      {
        "signal_time": "2024-10-02 16:00:00+09:00",
        "entry_time": "2024-10-02 20:00:00+09:00",
        "symbol": "USD/JPY",
        "side": "LONG",
        "reason": "position_size_invalid"
      },
      {
        "signal_time": "2024-10-03 00:00:00+09:00",
        "entry_time": "2024-10-03 04:00:00+09:00",
        "symbol": "USD/JPY",
        "side": "LONG",
        "reason": "position_size_invalid"
      },
      {
        "signal_time": "2024-10-11 20:00:00+09:00",
        "entry_time": "2024-10-12 00:00:00+09:00",
        "symbol": "USD/JPY",
        "side": "LONG",
        "reason": "position_size_invalid"
      },
      {
        "signal_time": "2024-10-17 08:00:00+09:00",
        "entry_time": "2024-10-17 12:00:00+09:00",
        "symbol": "USD/JPY",
        "side": "LONG",
        "reason": "position_size_invalid"
      },
      {
        "signal_time": "2024-11-02 08:00:00+09:00",
        "entry_time": "2024-11-02 12:00:00+09:00",
        "symbol": "USD/JPY",
        "side": "LONG",
        "reason": "maintenance"
      },
      {
        "signal_time": "2024-11-06 20:00:00+09:00",
        "entry_time": "2024-11-07 00:00:00+09:00",
        "symbol": "USD/JPY",
        "side": "LONG",
        "reason": "position_size_invalid"
      },
      {
        "signal_time": "2024-11-20 12:00:00+09:00",
        "entry_time": "2024-11-20 16:00:00+09:00",
        "symbol": "USD/JPY",
        "side": "LONG",
        "reason": "position_size_invalid"
      },
      {
        "signal_time": "2024-11-20 16:00:00+09:00",
        "entry_time": "2024-11-20 20:00:00+09:00",
        "symbol": "USD/JPY",
        "side": "LONG",
        "reason": "position_size_invalid"
      },
      {
        "signal_time": "2024-11-23 08:00:00+09:00",
        "entry_time": "2024-11-23 12:00:00+09:00",
        "symbol": "USD/JPY",
        "side": "LONG",
        "reason": "maintenance"
      },
      {
        "signal_time": "2024-12-05 20:00:00+09:00",
        "entry_time": "2024-12-06 00:00:00+09:00",
        "symbol": "USD/JPY",
        "side": "SHORT",
        "reason": "position_size_invalid"
      },
      {
        "signal_time": "2024-12-07 08:00:00+09:00",
        "entry_time": "2024-12-07 12:00:00+09:00",
        "symbol": "USD/JPY",
        "side": "SHORT",
        "reason": "maintenance"
      },
      {
        "signal_time": "2024-12-13 08:00:00+09:00",
        "entry_time": "2024-12-13 12:00:00+09:00",
        "symbol": "USD/JPY",
        "side": "LONG",
        "reason": "position_size_invalid"
      },
      {
        "signal_time": "2024-12-18 16:00:00+09:00",
        "entry_time": "2024-12-18 20:00:00+09:00",
        "symbol": "USD/JPY",
        "side": "LONG",
        "reason": "position_size_invalid"
      },
      {
        "signal_time": "2024-12-28 12:00:00+09:00",
        "entry_time": "2024-12-28 16:00:00+09:00",
        "symbol": "USD/JPY",
        "side": "LONG",
        "reason": "maintenance"
      },
      {
        "signal_time": "2025-01-03 04:00:00+09:00",
        "entry_time": "2025-01-03 08:00:00+09:00",
        "symbol": "USD/JPY",
        "side": "LONG",
        "reason": "position_size_invalid"
      },
      {
        "signal_time": "2025-01-03 12:00:00+09:00",
        "entry_time": "2025-01-03 16:00:00+09:00",
        "symbol": "USD/JPY",
        "side": "LONG",
        "reason": "position_size_invalid"
      },
      {
        "signal_time": "2025-01-07 08:00:00+09:00",
        "entry_time": "2025-01-07 12:00:00+09:00",
        "symbol": "USD/JPY",
        "side": "LONG",
        "reason": "position_size_invalid"
      },
      {
        "signal_time": "2025-01-10 00:00:00+09:00",
        "entry_time": "2025-01-10 04:00:00+09:00",
        "symbol": "USD/JPY",
        "side": "LONG",
        "reason": "position_size_invalid"
      },
      {
        "signal_time": "2025-01-10 08:00:00+09:00",
        "entry_time": "2025-01-10 12:00:00+09:00",
        "symbol": "USD/JPY",
        "side": "LONG",
        "reason": "position_size_invalid"
      },
      {
        "signal_time": "2025-01-15 04:00:00+09:00",
        "entry_time": "2025-01-15 08:00:00+09:00",
        "symbol": "USD/JPY",
        "side": "LONG",
        "reason": "position_size_invalid"
      },
      {
        "signal_time": "2025-01-15 08:00:00+09:00",
        "entry_time": "2025-01-15 12:00:00+09:00",
        "symbol": "USD/JPY",
        "side": "LONG",
        "reason": "position_size_invalid"
      },
      {
        "signal_time": "2025-01-20 20:00:00+09:00",
        "entry_time": "2025-01-21 00:00:00+09:00",
        "symbol": "USD/JPY",
        "side": "SHORT",
        "reason": "position_size_invalid"
      },
      {
        "signal_time": "2025-01-21 08:00:00+09:00",
        "entry_time": "2025-01-21 12:00:00+09:00",
        "symbol": "USD/JPY",
        "side": "SHORT",
        "reason": "position_size_invalid"
      },
      {
        "signal_time": "2025-01-21 20:00:00+09:00",
        "entry_time": "2025-01-22 00:00:00+09:00",
        "symbol": "USD/JPY",
        "side": "SHORT",
        "reason": "position_size_invalid"
      },
      {
        "signal_time": "2025-01-22 08:00:00+09:00",
        "entry_time": "2025-01-22 12:00:00+09:00",
        "symbol": "USD/JPY",
        "side": "SHORT",
        "reason": "position_size_invalid"
      },
      {
        "signal_time": "2025-01-23 04:00:00+09:00",
        "entry_time": "2025-01-23 08:00:00+09:00",
        "symbol": "USD/JPY",
        "side": "SHORT",
        "reason": "position_size_invalid"
      },
      {
        "signal_time": "2025-01-24 20:00:00+09:00",
        "entry_time": "2025-01-25 00:00:00+09:00",
        "symbol": "USD/JPY",
        "side": "SHORT",
        "reason": "position_size_invalid"
      },
      {
        "signal_time": "2025-01-29 04:00:00+09:00",
        "entry_time": "2025-01-29 08:00:00+09:00",
        "symbol": "USD/JPY",
        "side": "SHORT",
        "reason": "position_size_invalid"
      },
      {
        "signal_time": "2025-01-29 20:00:00+09:00",
        "entry_time": "2025-01-30 00:00:00+09:00",
        "symbol": "USD/JPY",
        "side": "SHORT",
        "reason": "position_size_invalid"
      },
      {
        "signal_time": "2025-01-30 08:00:00+09:00",
        "entry_time": "2025-01-30 12:00:00+09:00",
        "symbol": "USD/JPY",
        "side": "SHORT",
        "reason": "position_size_invalid"
      },
      {
        "signal_time": "2025-02-11 04:00:00+09:00",
        "entry_time": "2025-02-11 08:00:00+09:00",
        "symbol": "USD/JPY",
        "side": "SHORT",
        "reason": "position_size_invalid"
      },
      {
        "signal_time": "2025-02-25 20:00:00+09:00",
        "entry_time": "2025-02-26 00:00:00+09:00",
        "symbol": "USD/JPY",
        "side": "SHORT",
        "reason": "position_size_invalid"
      },
      {
        "signal_time": "2025-02-26 08:00:00+09:00",
        "entry_time": "2025-02-26 12:00:00+09:00",
        "symbol": "USD/JPY",
        "side": "SHORT",
        "reason": "position_size_invalid"
      },
      {
        "signal_time": "2025-02-27 08:00:00+09:00",
        "entry_time": "2025-02-27 12:00:00+09:00",
        "symbol": "USD/JPY",
        "side": "SHORT",
        "reason": "position_size_invalid"
      },
      {
        "signal_time": "2025-02-28 20:00:00+09:00",
        "entry_time": "2025-03-01 00:00:00+09:00",
        "symbol": "USD/JPY",
        "side": "SHORT",
        "reason": "position_size_invalid"
      },
      {
        "signal_time": "2025-03-06 00:00:00+09:00",
        "entry_time": "2025-03-06 04:00:00+09:00",
        "symbol": "USD/JPY",
        "side": "SHORT",
        "reason": "position_size_invalid"
      },
      {
        "signal_time": "2025-03-12 08:00:00+09:00",
        "entry_time": "2025-03-12 12:00:00+09:00",
        "symbol": "USD/JPY",
        "side": "SHORT",
        "reason": "position_size_invalid"
      },
      {
        "signal_time": "2025-03-21 20:00:00+09:00",
        "entry_time": "2025-03-22 00:00:00+09:00",
        "symbol": "USD/JPY",
        "side": "LONG",
        "reason": "position_size_invalid"
      },
      {
        "signal_time": "2025-03-22 08:00:00+09:00",
        "entry_time": "2025-03-22 12:00:00+09:00",
        "symbol": "USD/JPY",
        "side": "LONG",
        "reason": "maintenance"
      },
      {
        "signal_time": "2025-04-02 00:00:00+09:00",
        "entry_time": "2025-04-02 04:00:00+09:00",
        "symbol": "USD/JPY",
        "side": "SHORT",
        "reason": "position_size_invalid"
      },
      {
        "signal_time": "2025-04-03 08:00:00+09:00",
        "entry_time": "2025-04-03 12:00:00+09:00",
        "symbol": "USD/JPY",
        "side": "LONG",
        "reason": "position_size_invalid"
      },
      {
        "signal_time": "2025-04-09 00:00:00+09:00",
        "entry_time": "2025-04-09 04:00:00+09:00",
        "symbol": "USD/JPY",
        "side": "SHORT",
        "reason": "position_size_invalid"
      },
      {
        "signal_time": "2025-04-09 08:00:00+09:00",
        "entry_time": "2025-04-09 12:00:00+09:00",
        "symbol": "USD/JPY",
        "side": "SHORT",
        "reason": "position_size_invalid"
      },
      {
        "signal_time": "2025-04-11 00:00:00+09:00",
        "entry_time": "2025-04-11 04:00:00+09:00",
        "symbol": "USD/JPY",
        "side": "SHORT",
        "reason": "position_size_invalid"
      },
      {
        "signal_time": "2025-04-30 04:00:00+09:00",
        "entry_time": "2025-04-30 08:00:00+09:00",
        "symbol": "USD/JPY",
        "side": "SHORT",
        "reason": "position_size_invalid"
      },
      {
        "signal_time": "2025-05-01 12:00:00+09:00",
        "entry_time": "2025-05-01 16:00:00+09:00",
        "symbol": "USD/JPY",
        "side": "LONG",
        "reason": "position_size_invalid"
      },
      {
        "signal_time": "2025-05-03 08:00:00+09:00",
        "entry_time": "2025-05-03 12:00:00+09:00",
        "symbol": "USD/JPY",
        "side": "LONG",
        "reason": "maintenance"
      },
      {
        "signal_time": "2025-05-15 08:00:00+09:00",
        "entry_time": "2025-05-15 12:00:00+09:00",
        "symbol": "USD/JPY",
        "side": "LONG",
        "reason": "position_size_invalid"
      },
      {
        "signal_time": "2025-05-23 12:00:00+09:00",
        "entry_time": "2025-05-23 16:00:00+09:00",
        "symbol": "USD/JPY",
        "side": "SHORT",
        "reason": "position_size_invalid"
      },
      {
        "signal_time": "2025-05-31 04:00:00+09:00",
        "entry_time": "2025-05-31 08:00:00+09:00",
        "symbol": "USD/JPY",
        "side": "SHORT",
        "reason": "position_size_invalid"
      },
      {
        "signal_time": "2025-06-10 04:00:00+09:00",
        "entry_time": "2025-06-10 08:00:00+09:00",
        "symbol": "USD/JPY",
        "side": "LONG",
        "reason": "position_size_invalid"
      },
      {
        "signal_time": "2025-06-17 08:00:00+09:00",
        "entry_time": "2025-06-17 12:00:00+09:00",
        "symbol": "USD/JPY",
        "side": "LONG",
        "reason": "position_size_invalid"
      },
      {
        "signal_time": "2025-06-28 12:00:00+09:00",
        "entry_time": "2025-06-28 16:00:00+09:00",
        "symbol": "USD/JPY",
        "side": "SHORT",
        "reason": "maintenance"
      },
      {
        "signal_time": "2025-07-03 08:00:00+09:00",
        "entry_time": "2025-07-03 12:00:00+09:00",
        "symbol": "USD/JPY",
        "side": "SHORT",
        "reason": "position_size_invalid"
      },
      {
        "signal_time": "2025-07-04 00:00:00+09:00",
        "entry_time": "2025-07-04 04:00:00+09:00",
        "symbol": "USD/JPY",
        "side": "LONG",
        "reason": "position_size_invalid"
      },
      {
        "signal_time": "2025-07-25 08:00:00+09:00",
        "entry_time": "2025-07-25 12:00:00+09:00",
        "symbol": "USD/JPY",
        "side": "LONG",
        "reason": "position_size_invalid"
      },
      {
        "signal_time": "2025-07-25 12:00:00+09:00",
        "entry_time": "2025-07-25 16:00:00+09:00",
        "symbol": "USD/JPY",
        "side": "LONG",
        "reason": "position_size_invalid"
      },
      {
        "signal_time": "2025-08-26 16:00:00+09:00",
        "entry_time": "2025-08-26 20:00:00+09:00",
        "symbol": "USD/JPY",
        "side": "SHORT",
        "reason": "position_size_invalid"
      },
      {
        "signal_time": "2025-09-05 04:00:00+09:00",
        "entry_time": "2025-09-05 08:00:00+09:00",
        "symbol": "USD/JPY",
        "side": "LONG",
        "reason": "position_size_invalid"
      },
      {
        "signal_time": "2025-09-10 20:00:00+09:00",
        "entry_time": "2025-09-11 00:00:00+09:00",
        "symbol": "USD/JPY",
        "side": "SHORT",
        "reason": "position_size_invalid"
      },
      {
        "signal_time": "2025-09-11 08:00:00+09:00",
        "entry_time": "2025-09-11 12:00:00+09:00",
        "symbol": "USD/JPY",
        "side": "SHORT",
        "reason": "position_size_invalid"
      },
      {
        "signal_time": "2025-10-21 00:00:00+09:00",
        "entry_time": "2025-10-21 04:00:00+09:00",
        "symbol": "USD/JPY",
        "side": "LONG",
        "reason": "position_size_invalid"
      },
      {
        "signal_time": "2025-10-30 12:00:00+09:00",
        "entry_time": "2025-10-30 16:00:00+09:00",
        "symbol": "USD/JPY",
        "side": "LONG",
        "reason": "position_size_invalid"
      },
      {
        "signal_time": "2025-10-30 20:00:00+09:00",
        "entry_time": "2025-10-31 00:00:00+09:00",
        "symbol": "USD/JPY",
        "side": "LONG",
        "reason": "position_size_invalid"
      },
      {
        "signal_time": "2025-12-13 12:00:00+09:00",
        "entry_time": "2025-12-13 16:00:00+09:00",
        "symbol": "USD/JPY",
        "side": "LONG",
        "reason": "maintenance"
      },
      {
        "signal_time": "2026-01-24 08:00:00+09:00",
        "entry_time": "2026-01-24 12:00:00+09:00",
        "symbol": "USD/JPY",
        "side": "SHORT",
        "reason": "maintenance"
      }
    ]
  }
}