{
  "start_date": "2024-01-01",
  "end_date": "2026-02-14",
  "initial_equity": 500000.0,
  "final_equity": 589333.1554382431,
  "total_trades": 104,
  "wins": 51,
  "losses": 53,
  "win_rate": 0.49038461538461536,
  "total_pnl_gross": 96053.15543824303,
  "total_pnl_net": 89333.15543824305,
  "total_cost": 6720.0,
  "pf_gross": 1.6955633109026336,
  "pf_net": 1.631695562962472,
  "avg_win_net": 4524.533462638361,
  "avg_loss_net": -2668.265116156856,
  "expectancy_net": 858.9726484446444,
  "avg_r_multiple": 0.32632118335557286,
  "max_drawdown_close_based": 0.035561843278833924,
  "per_symbol": {
    "EUR/JPY": {
      "count": 104,
      "total_pnl_net": 89333.15543824305,
      "win_rate": 0.49038461538461536,
      "avg_pnl_net": 858.9726484446445,
      "avg_win": 4524.533462638363,
      "avg_loss": -2668.265116156857
    }
  },
  "per_side": {
    "LONG": {
      "count": 72,
      "total_pnl_net": 82856.07642555675,
      "win_rate": 0.5277777777777778,
      "avg_pnl_net": 1150.7788392438438,
      "avg_win": 4650.125781372793,
      "avg_loss": -2760.2559784296877
    },
    "SHORT": {
      "count": 32,
      "total_pnl_net": 6477.079012686295,
      "win_rate": 0.40625,
      "avg_pnl_net": 202.4087191464467,
      "avg_win": 4157.417454030026,
      "avg_loss": -2503.6498889317922
    }
  },
  "per_exit_reason": {
    "TP2": {
      "count": 36,
      "total_pnl_net": 202404.05702000234,
      "win_rate": 1.0,
      "avg_pnl_net": 5622.334917222289,
      "avg_win": 5622.334917222289,
      "avg_loss": 0.0
    },
    "BE": {
      "count": 15,
      "total_pnl_net": 28347.149574554092,
      "win_rate": 1.0,
      "avg_pnl_net": 1889.8099716369395,
      "avg_win": 1889.8099716369395,
      "avg_loss": 0.0
    },
    "SL": {
      "count": 53,
      "total_pnl_net": -141418.05115631336,
      "win_rate": 0.0,
      "avg_pnl_net": -2668.265116156857,
      "avg_win": 0.0,
      "avg_loss": -2668.265116156857
    }
  },
  "risk_violations_count": 69,
  "risk_violations": [
    {
      "trade_id": 1,
      "risk_jpy": 2584.456765399352,
      "max_allowed": 2525.0,
      "excess_pct": 3.3782706159740883
    },
    {
      "trade_id": 2,
      "risk_jpy": 2631.198506493746,
      "max_allowed": 2525.0,
      "excess_pct": 5.247940259749839
    },
    {
      "trade_id": 6,
      "risk_jpy": 2705.157484896006,
      "max_allowed": 2525.0,
      "excess_pct": 8.206299395840233
    },
    {
      "trade_id": 7,
      "risk_jpy": 2608.4129894525176,
      "max_allowed": 2525.0,
      "excess_pct": 4.336519578100706
    },
    {
      "trade_id": 8,
      "risk_jpy": 2606.5408279391136,
      "max_allowed": 2525.0,
      "excess_pct": 4.261633117564534
    },
    {
      "trade_id": 10,
      "risk_jpy": 2581.4498721458676,
      "max_allowed": 2525.0,
      "excess_pct": 3.257994885834714
    },
    {
      "trade_id": 11,
      "risk_jpy": 2536.3147287278025,
      "max_allowed": 2525.0,
      "excess_pct": 1.4525891491121046
    },
    {
      "trade_id": 12,
      "risk_jpy": 2616.435316270582,
      "max_allowed": 2525.0,
      "excess_pct": 4.657412650823289
    },
    {
      "trade_id": 13,
      "risk_jpy": 2687.557767920538,
      "max_allowed": 2525.0,
      "excess_pct": 7.502310716821525
    },
    {
      "trade_id": 17,
      "risk_jpy": 2661.8726853812404,
      "max_allowed": 2525.0,
      "excess_pct": 6.474907415249609
    },
    {
      "trade_id": 19,
      "risk_jpy": 2574.571179771766,
      "max_allowed": 2525.0,
      "excess_pct": 2.98284719087063
    },
    {
      "trade_id": 21,
      "risk_jpy": 2653.7124134166843,
      "max_allowed": 2525.0,
      "excess_pct": 6.1484965366673805
    },
    {
      "trade_id": 22,
      "risk_jpy": 2656.337739087519,
      "max_allowed": 2525.0,
      "excess_pct": 6.253509563500748
    },
    {
      "trade_id": 23,
      "risk_jpy": 2733.604549635743,
      "max_allowed": 2525.0,
      "excess_pct": 9.344181985429723
    },
    {
      "trade_id": 25,
      "risk_jpy": 2773.9460327540255,
      "max_allowed": 2525.0,
      "excess_pct": 10.95784131016102
    },
    {
      "trade_id": 26,
      "risk_jpy": 2636.3698187049067,
      "max_allowed": 2525.0,
      "excess_pct": 5.454792748196269
    },
    {
      "trade_id": 27,
      "risk_jpy": 2710.058677388588,
      "max_allowed": 2525.0,
      "excess_pct": 8.402347095543528
    },
    {
      "trade_id": 28,
      "risk_jpy": 2619.1667604750537,
      "max_allowed": 2525.0,
      "excess_pct": 4.766670419002139
    },
    {
      "trade_id": 30,
      "risk_jpy": 2602.1014812923795,
      "max_allowed": 2525.0,
      "excess_pct": 4.084059251695171
    },
    {
      "trade_id": 31,
      "risk_jpy": 2697.194610808367,
      "max_allowed": 2525.0,
      "excess_pct": 7.887784432334688
    },
    {
      "trade_id": 35,
      "risk_jpy": 2622.2893812648354,
      "max_allowed": 2525.0,
      "excess_pct": 4.891575250593405
    },
    {
      "trade_id": 38,
      "risk_jpy": 2737.3876123135688,
      "max_allowed": 2525.0,
      "excess_pct": 9.49550449254275
    },
    {
      "trade_id": 40,
      "risk_jpy": 2657.3013178347082,
      "max_allowed": 2525.0,
      "excess_pct": 6.29205271338833
    },
    {
      "trade_id": 43,
      "risk_jpy": 2611.070722253089,
      "max_allowed": 2525.0,
      "excess_pct": 4.4428288901235735
    },
    {
      "trade_id": 45,
      "risk_jpy": 2609.39831360821,
      "max_allowed": 2525.0,
      "excess_pct": 4.375932544328398
    },
    {
      "trade_id": 46,
      "risk_jpy": 2532.687807037803,
      "max_allowed": 2525.0,
      "excess_pct": 1.3075122815121132
    },
    {
      "trade_id": 50,
      "risk_jpy": 2780.3176053507173,
      "max_allowed": 2525.0,
      "excess_pct": 11.21270421402869
    },
    {
      "trade_id": 52,
      "risk_jpy": 2577.375273791773,
      "max_allowed": 2525.0,
      "excess_pct": 3.095010951670929
    },
    {
      "trade_id": 57,
      "risk_jpy": 2770.60846869972,
      "max_allowed": 2525.0,
      "excess_pct": 10.824338747988804
    },
    {
      "trade_id": 58,
      "risk_jpy": 2743.6386285625076,
      "max_allowed": 2525.0,
      "excess_pct": 9.745545142500301
    },
    {
      "trade_id": 62,
      "risk_jpy": 2595.205670675313,
      "max_allowed": 2525.0,
      "excess_pct": 3.8082268270125175
    },
    {
      "trade_id": 65,
      "risk_jpy": 2576.8372806957987,
      "max_allowed": 2525.0,
      "excess_pct": 3.073491227831937
    },
    {
      "trade_id": 66,
      "risk_jpy": 2767.2818171542986,
      "max_allowed": 2525.0,
      "excess_pct": 10.691272686171938
    },
    {
      "trade_id": 69,
      "risk_jpy": 2661.6397139675028,
      "max_allowed": 2525.0,
      "excess_pct": 6.465588558700119
    },
    {
      "trade_id": 70,
      "risk_jpy": 2588.4510373643934,
      "max_allowed": 2525.0,
      "excess_pct": 3.5380414945757277
    },
    {
      "trade_id": 71,
      "risk_jpy": 2639.20062557861,
      "max_allowed": 2525.0,
      "excess_pct": 5.568025023144396
    },
    {
      "trade_id": 72,
      "risk_jpy": 2606.321426468469,
      "max_allowed": 2525.0,
      "excess_pct": 4.252857058738746
    },
    {
      "trade_id": 73,
      "risk_jpy": 2695.5137740748114,
      "max_allowed": 2525.0,
      "excess_pct": 7.820550962992456
    },
    {
      "trade_id": 74,
      "risk_jpy": 2635.597032355406,
      "max_allowed": 2525.0,
      "excess_pct": 5.423881294216248
    },
    {
      "trade_id": 75,
      "risk_jpy": 2934.802326210786,
      "max_allowed": 2525.0,
      "excess_pct": 17.392093048431434
    },
    {
      "trade_id": 76,
      "risk_jpy": 2820.7352994299126,
      "max_allowed": 2525.0,
      "excess_pct": 12.829411977196514
    },
    {
      "trade_id": 77,
      "risk_jpy": 2848.1459102329154,
      "max_allowed": 2525.0,
      "excess_pct": 13.925836409316616
    },
    {
      "trade_id": 78,
      "risk_jpy": 2905.9932910798525,
      "max_allowed": 2525.0,
      "excess_pct": 16.239731643194098
    },
    {
      "trade_id": 79,
      "risk_jpy": 2916.412195496804,
      "max_allowed": 2525.0,
      "excess_pct": 16.65648781987217
    },
    {
      "trade_id": 80,
      "risk_jpy": 2881.9207550178307,
      "max_allowed": 2525.0,
      "excess_pct": 15.27683020071322
    },
    {
      "trade_id": 81,
      "risk_jpy": 2692.8116603548915,
      "max_allowed": 2525.0,
      "excess_pct": 7.712466414195651
    },
    {
      "trade_id": 82,
      "risk_jpy": 2976.1448505499575,
      "max_allowed": 2525.0,
      "excess_pct": 19.045794021998308
    },
    {
      "trade_id": 83,
      "risk_jpy": 2883.8449078707245,
      "max_allowed": 2525.0,
      "excess_pct": 15.353796314828983
    },
    {
      "trade_id": 84,
      "risk_jpy": 2610.9051197773283,
      "max_allowed": 2525.0,
      "excess_pct": 4.4362047910931235
    },
    {
      "trade_id": 85,
      "risk_jpy": 2969.7341871505214,
      "max_allowed": 2525.0,
      "excess_pct": 18.789367486020847
    },
    {
      "trade_id": 86,
      "risk_jpy": 2706.9675685431207,
      "max_allowed": 2525.0,
      "excess_pct": 8.27870274172482
    },
    {
      "trade_id": 87,
      "risk_jpy": 2551.0383671601744,
      "max_allowed": 2525.0,
      "excess_pct": 2.041534686406976
    },
    {
      "trade_id": 88,
      "risk_jpy": 2863.159591332078,
      "max_allowed": 2525.0,
      "excess_pct": 14.526383653283116
    },
    {
      "trade_id": 89,
      "risk_jpy": 2982.538313165236,
      "max_allowed": 2525.0,
      "excess_pct": 19.301532526609442
    },
    {
      "trade_id": 90,
      "risk_jpy": 2607.29838635541,
      "max_allowed": 2525.0,
      "excess_pct": 4.2919354542164
    },
    {
      "trade_id": 91,
      "risk_jpy": 2934.8241214219397,
      "max_allowed": 2525.0,
      "excess_pct": 17.39296485687758
    },
    {
      "trade_id": 92,
      "risk_jpy": 2943.0613757386936,
      "max_allowed": 2525.0,
      "excess_pct": 17.722455029547746
    },
    {
      "trade_id": 93,
      "risk_jpy": 2747.6850282249075,
      "max_allowed": 2525.0,
      "excess_pct": 9.907401128996307
    },
    {
      "trade_id": 94,
      "risk_jpy": 2982.037534624851,
      "max_allowed": 2525.0,
      "excess_pct": 19.281501384994048
    },
    {
      "trade_id": 95,
      "risk_jpy": 2939.5311187614084,
      "max_allowed": 2525.0,
      "excess_pct": 17.581244750456328
    },
    {
      "trade_id": 96,
      "risk_jpy": 3003.577310734727,
      "max_allowed": 2525.0,
      "excess_pct": 20.143092429389075
    },
    {
      "trade_id": 97,
      "risk_jpy": 3032.722172167837,
      "max_allowed": 2525.0,
      "excess_pct": 21.308886886713484
    },
    {
      "trade_id": 98,
      "risk_jpy": 3023.113622202999,
      "max_allowed": 2525.0,
      "excess_pct": 20.924544888119968
    },
    {
      "trade_id": 99,
      "risk_jpy": 2769.1352038628165,
      "max_allowed": 2525.0,
      "excess_pct": 10.765408154512656
    },
    {
      "trade_id": 100,
      "risk_jpy": 2766.5433684212812,
      "max_allowed": 2525.0,
      "excess_pct": 10.661734736851258
    },
    {
      "trade_id": 101,
      "risk_jpy": 2667.729192260822,
      "max_allowed": 2525.0,
      "excess_pct": 6.709167690432882
    },
    {
      "trade_id": 102,
      "risk_jpy": 2686.524634586931,
      "max_allowed": 2525.0,
      "excess_pct": 7.460985383477237
    },
    {
      "trade_id": 103,
      "risk_jpy": 2825.4824895010984,
      "max_allowed": 2525.0,
      "excess_pct": 13.019299580043931
    },
    {
      "trade_id": 104,
      "risk_jpy": 3120.981650592881,
      "max_allowed": 2525.0,
      "excess_pct": 24.839266023715247
    }
  ],
  "monthly_returns": [
    {
      "month": "2024-01",
      "trades": 5,
      "pnl_net": 3095.1920171586494,
      "equity": 503095.19201715867,
      "return_pct": 0.6190384034317299
    },
    {
      "month": "2024-02",
      "trades": 6,
      "pnl_net": 4788.928897962609,
      "equity": 507884.1209151213,
      "return_pct": 0.9577857795925219
    },
    {
      "month": "2024-03",
      "trades": 5,
      "pnl_net": -920.8167899278124,
      "equity": 506963.30412519345,
      "return_pct": -0.18416335798556246
    },
    {
      "month": "2024-04",
      "trades": 7,
      "pnl_net": 14346.561172896763,
      "equity": 521309.8652980902,
      "return_pct": 2.8693122345793527
    },
    {
      "month": "2024-05",
      "trades": 4,
      "pnl_net": -10693.562234481265,
      "equity": 510616.30306360894,
      "return_pct": -2.1387124468962533
    },
    {
      "month": "2024-06",
      "trades": 5,
      "pnl_net": -621.0089878002127,
      "equity": 509995.2940758087,
      "return_pct": -0.12420179756004256
    },
    {
      "month": "2024-07",
      "trades": 3,
      "pnl_net": 8482.665452844238,
      "equity": 518477.95952865295,
      "return_pct": 1.6965330905688476
    },
    {
      "month": "2024-08",
      "trades": 6,
      "pnl_net": -5647.040445986922,
      "equity": 512830.91908266605,
      "return_pct": -1.1294080891973846
    },
    {
      "month": "2024-09",
      "trades": 5,
      "pnl_net": 2418.8209115856057,
      "equity": 515249.73999425163,
      "return_pct": 0.4837641823171211
    },
    {
      "month": "2024-10",
      "trades": 3,
      "pnl_net": 8472.756816335552,
      "equity": 523722.4968105872,
      "return_pct": 1.69455136326711
    },
    {
      "month": "2024-11",
      "trades": 4,
      "pnl_net": -2053.9614834426966,
      "equity": 521668.5353271445,
      "return_pct": -0.4107922966885393
    },
    {
      "month": "2024-12",
      "trades": 2,
      "pnl_net": 2663.581511029978,
      "equity": 524332.1168381745,
      "return_pct": 0.5327163022059956
    },
    {
      "month": "2025-01",
      "trades": 3,
      "pnl_net": 8578.722125431319,
      "equity": 532910.8389636058,
      "return_pct": 1.7157444250862637
    },
    {
      "month": "2025-02",
      "trades": 2,
      "pnl_net": 10292.177407027086,
      "equity": 543203.0163706329,
      "return_pct": 2.058435481405417
    },
    {
      "month": "2025-03",
      "trades": 5,
      "pnl_net": 2103.6260599728457,
      "equity": 545306.6424306057,
      "return_pct": 0.42072521199456914
    },
    {
      "month": "2025-04",
      "trades": 4,
      "pnl_net": 2944.7741777857946,
      "equity": 548251.4166083916,
      "return_pct": 0.5889548355571589
    },
    {
      "month": "2025-05",
      "trades": 6,
      "pnl_net": 4700.995481618564,
      "equity": 552952.4120900101,
      "return_pct": 0.9401990963237128
    },
    {
      "month": "2025-06",
      "trades": 2,
      "pnl_net": 3247.592998593268,
      "equity": 556200.0050886034,
      "return_pct": 0.6495185997186537
    },
    {
      "month": "2025-07",
      "trades": 3,
      "pnl_net": 10333.234617814222,
      "equity": 566533.2397064175,
      "return_pct": 2.0666469235628444
    },
    {
      "month": "2025-08",
      "trades": 5,
      "pnl_net": -9997.020320083222,
      "equity": 556536.2193863343,
      "return_pct": -1.9994040640166446
    },
    {
      "month": "2025-09",
      "trades": 1,
      "pnl_net": 1862.2256764069393,
      "equity": 558398.4450627413,
      "return_pct": 0.37244513528138784
    },
    {
      "month": "2025-10",
      "trades": 3,
      "pnl_net": 488.5324001707909,
      "equity": 558886.9774629121,
      "return_pct": 0.09770648003415817
    },
    {
      "month": "2025-11",
      "trades": 4,
      "pnl_net": 11906.707753422408,
      "equity": 570793.6852163345,
      "return_pct": 2.3813415506844815
    },
    {
      "month": "2025-12",
      "trades": 5,
      "pnl_net": 3336.120637368087,
      "equity": 574129.8058537026,
      "return_pct": 0.6672241274736174
    },
    {
      "month": "2026-01",
      "trades": 4,
      "pnl_net": 6901.27774521947,
      "equity": 581031.083598922,
      "return_pct": 1.380255549043894
    },
    {
      "month": "2026-02",
      "trades": 2,
      "pnl_net": 8302.071839320994,
      "equity": 589333.155438243,
      "return_pct": 1.6604143678641987
    }
  ],
  "run_id": "risk_060_500k",
  "symbol": "EUR/JPY",
  "config_file": "config/minnafx.yaml",
  "parameters": {
    "initial_equity": 500000.0,
    "risk_pct": 0.006,
    "atr_multiplier": 1.0,
    "tp1_r": 1.5,
    "tp2_r": 3.0
  },
  "stats": {
    "total_signals": 112,
    "executed_trades": 104,
    "skipped_signals": 8,
    "maintenance_skips": 7,
    "spread_filter_skips": 0,
    "position_size_skips": 1,
    "skipped_details": [
      {
        "signal_time": "2024-01-02 12:00:00+09:00",
        "entry_time": "2024-01-02 16:00:00+09:00",
        "symbol": "EUR/JPY",
        "side": "SHORT",
        "reason": "position_size_invalid"
      },
      {
        "signal_time": "2024-03-02 12:00:00+09:00",
        "entry_time": "2024-03-02 16:00:00+09:00",
        "symbol": "EUR/JPY",
        "side": "LONG",
        "reason": "maintenance"
      },
      {
        "signal_time": "2024-06-29 08:00:00+09:00",
        "entry_time": "2024-06-29 12:00:00+09:00",
        "symbol": "EUR/JPY",
        "side": "LONG",
        "reason": "maintenance"
      },
      {
        "signal_time": "2024-12-07 08:00:00+09:00",
        "entry_time": "2024-12-07 12:00:00+09:00",
        "symbol": "EUR/JPY",
        "side": "SHORT",
        "reason": "maintenance"
      },
      {
        "signal_time": "2025-03-01 12:00:00+09:00",
        "entry_time": "2025-03-01 16:00:00+09:00",
        "symbol": "EUR/JPY",
        "side": "SHORT",
        "reason": "maintenance"
      },
      {
        "signal_time": "2025-03-08 12:00:00+09:00",
        "entry_time": "2025-03-08 16:00:00+09:00",
        "symbol": "EUR/JPY",
        "side": "LONG",
        "reason": "maintenance"
      },
      {
        "signal_time": "2025-05-31 08:00:00+09:00",
        "entry_time": "2025-05-31 12:00:00+09:00",
        "symbol": "EUR/JPY",
        "side": "LONG",
        "reason": "maintenance"
      },
      {
        "signal_time": "2025-11-29 08:00:00+09:00",
        "entry_time": "2025-11-29 12:00:00+09:00",
        "symbol": "EUR/JPY",
        "side": "LONG",
        "reason": "maintenance"
      }
    ]
  }
}