{
  "start_date": "2024-01-01",
  "end_date": "2026-02-14",
  "initial_equity": 100000.0,
  "final_equity": 107862.98903434591,
  "total_trades": 56,
  "wins": 31,
  "losses": 25,
  "win_rate": 0.5535714285714286,
  "total_pnl_gross": 8534.989034345912,
  "total_pnl_net": 7862.989034345913,
  "total_cost": 672.0,
  "pf_gross": 1.8581465446663916,
  "pf_net": 1.7674322764021742,
  "avg_win_net": 584.155805544497,
  "avg_loss_net": -409.83363750133964,
  "expectancy_net": 140.4105184704628,
  "avg_r_multiple": 0.35166628927577287,
  "max_drawdown_close_based": 0.019068278323469218,
  "per_symbol": {
    "EUR/JPY": {
      "count": 56,
      "total_pnl_net": 7862.989034345913,
      "win_rate": 0.5535714285714286,
      "avg_pnl_net": 140.4105184704627,
      "avg_win": 584.155805544497,
      "avg_loss": -409.83363750133964
    }
  },
  "per_side": {
    "LONG": {
      "count": 49,
      "total_pnl_net": 7467.025597030722,
      "win_rate": 0.5714285714285714,
      "avg_pnl_net": 152.38827749042287,
      "avg_win": 578.8697914500495,
      "avg_loss": -416.2537411224127
    },
    "SHORT": {
      "count": 7,
      "total_pnl_net": 395.96343731519175,
      "win_rate": 0.42857142857142855,
      "avg_pnl_net": 56.56620533074168,
      "avg_win": 633.4919370926717,
      "avg_loss": -376.12809349070585
    }
  },
  "per_exit_reason": {
    "SL": {
      "count": 25,
      "total_pnl_net": -10245.84093753349,
      "win_rate": 0.0,
      "avg_pnl_net": -409.83363750133964,
      "avg_win": 0.0,
      "avg_loss": -409.83363750133964
    },
    "BE": {
      "count": 2,
      "total_pnl_net": 612.157837214796,
      "win_rate": 1.0,
      "avg_pnl_net": 306.078918607398,
      "avg_win": 306.078918607398,
      "avg_loss": 0.0
    },
    "TP2": {
      "count": 29,
      "total_pnl_net": 17496.672134664608,
      "win_rate": 1.0,
      "avg_pnl_net": 603.3335218849863,
      "avg_win": 603.3335218849863,
      "avg_loss": 0.0
    }
  },
  "risk_violations_count": 0,
  "risk_violations": [],
  "monthly_returns": [
    {
      "month": "2024-01",
      "trades": 3,
      "pnl_net": -153.26898560885957,
      "equity": 99846.73101439115,
      "return_pct": -0.15326898560885957
    },
    {
      "month": "2024-02",
      "trades": 5,
      "pnl_net": 1586.3302037163457,
      "equity": 101433.0612181075,
      "return_pct": 1.5863302037163458
    },
    {
      "month": "2024-03",
      "trades": 4,
      "pnl_net": 508.6080063400136,
      "equity": 101941.66922444751,
      "return_pct": 0.5086080063400137
    },
    {
      "month": "2024-04",
      "trades": 7,
      "pnl_net": 1293.2205070629584,
      "equity": 103234.88973151047,
      "return_pct": 1.2932205070629583
    },
    {
      "month": "2024-05",
      "trades": 3,
      "pnl_net": -1112.5815666908907,
      "equity": 102122.30816481958,
      "return_pct": -1.1125815666908907
    },
    {
      "month": "2024-06",
      "trades": 2,
      "pnl_net": 1039.7755790761362,
      "equity": 103162.08374389571,
      "return_pct": 1.0397755790761363
    },
    {
      "month": "2024-07",
      "trades": 1,
      "pnl_net": 669.9513900941274,
      "equity": 103832.03513398983,
      "return_pct": 0.6699513900941274
    },
    {
      "month": "2024-10",
      "trades": 3,
      "pnl_net": 43.39938322195417,
      "equity": 103875.43451721179,
      "return_pct": 0.04339938322195417
    },
    {
      "month": "2025-05",
      "trades": 4,
      "pnl_net": 1672.4184405894694,
      "equity": 105547.85295780125,
      "return_pct": 1.6724184405894693
    },
    {
      "month": "2025-06",
      "trades": 1,
      "pnl_net": -418.9621856328638,
      "equity": 105128.8907721684,
      "return_pct": -0.41896218563286386
    },
    {
      "month": "2025-07",
      "trades": 3,
      "pnl_net": 1549.5190835758463,
      "equity": 106678.40985574423,
      "return_pct": 1.5495190835758463
    },
    {
      "month": "2025-08",
      "trades": 5,
      "pnl_net": -1447.938530833594,
      "equity": 105230.47132491064,
      "return_pct": -1.4479385308335941
    },
    {
      "month": "2025-09",
      "trades": 1,
      "pnl_net": 613.0322394866856,
      "equity": 105843.50356439732,
      "return_pct": 0.6130322394866856
    },
    {
      "month": "2025-10",
      "trades": 1,
      "pnl_net": -442.0769018807671,
      "equity": 105401.42666251656,
      "return_pct": -0.44207690188076704
    },
    {
      "month": "2025-11",
      "trades": 4,
      "pnl_net": 1758.3393435929952,
      "equity": 107159.76600610955,
      "return_pct": 1.758339343592995
    },
    {
      "month": "2025-12",
      "trades": 5,
      "pnl_net": 70.55220842069559,
      "equity": 107230.31821453024,
      "return_pct": 0.0705522084206956
    },
    {
      "month": "2026-01",
      "trades": 2,
      "pnl_net": -77.25538250677653,
      "equity": 107153.06283202347,
      "return_pct": -0.07725538250677652
    },
    {
      "month": "2026-02",
      "trades": 2,
      "pnl_net": 709.9262023224364,
      "equity": 107862.9890343459,
      "return_pct": 0.7099262023224364
    }
  ],
  "run_id": "structure_tp2",
  "symbol": "EUR/JPY",
  "config_file": "config/minnafx.yaml",
  "parameters": {
    "initial_equity": 100000.0,
    "risk_pct": 0.005,
    "atr_multiplier": 1.0,
    "tp1_r": 1.5,
    "tp2_r": 3.0
  },
  "stats": {
    "total_signals": 136,
    "executed_trades": 56,
    "skipped_signals": 80,
    "maintenance_skips": 9,
    "spread_filter_skips": 0,
    "position_size_skips": 71,
    "skipped_details": [
      {
        "signal_time": "2024-01-04 00:00:00+09:00",
        "entry_time": "2024-01-04 04:00:00+09:00",
        "symbol": "EUR/JPY",
        "side": "LONG",
        "reason": "position_size_invalid"
      },
      {
        "signal_time": "2024-01-09 12:00:00+09:00",
        "entry_time": "2024-01-09 16:00:00+09:00",
        "symbol": "EUR/JPY",
        "side": "LONG",
        "reason": "position_size_invalid"
      },
      {
        "signal_time": "2024-01-16 04:00:00+09:00",
        "entry_time": "2024-01-16 08:00:00+09:00",
        "symbol": "EUR/JPY",
        "side": "LONG",
        "reason": "position_size_invalid"
      },
      {
        "signal_time": "2024-01-27 04:00:00+09:00",
        "entry_time": "2024-01-27 08:00:00+09:00",
        "symbol": "EUR/JPY",
        "side": "LONG",
        "reason": "position_size_invalid"
      },
      {
        "signal_time": "2024-01-29 16:00:00+09:00",
        "entry_time": "2024-01-29 20:00:00+09:00",
        "symbol": "EUR/JPY",
        "side": "LONG",
        "reason": "position_size_invalid"
      },
      {
        "signal_time": "2024-02-01 08:00:00+09:00",
        "entry_time": "2024-02-01 12:00:00+09:00",
        "symbol": "EUR/JPY",
        "side": "SHORT",
        "reason": "position_size_invalid"
      },
      {
        "signal_time": "2024-02-03 00:00:00+09:00",
        "entry_time": "2024-02-03 04:00:00+09:00",
        "symbol": "EUR/JPY",
        "side": "LONG",
        "reason": "position_size_invalid"
      },
      {
        "signal_time": "2024-03-02 12:00:00+09:00",
        "entry_time": "2024-03-02 16:00:00+09:00",
        "symbol": "EUR/JPY",
        "side": "LONG",
        "reason": "maintenance"
      },
      {
        "signal_time": "2024-03-13 00:00:00+09:00",
        "entry_time": "2024-03-13 04:00:00+09:00",
        "symbol": "EUR/JPY",
        "side": "SHORT",
        "reason": "position_size_invalid"
      },
      {
        "signal_time": "2024-04-30 12:00:00+09:00",
        "entry_time": "2024-04-30 16:00:00+09:00",
        "symbol": "EUR/JPY",
        "side": "LONG",
        "reason": "position_size_invalid"
      },
      {
        "signal_time": "2024-05-01 00:00:00+09:00",
        "entry_time": "2024-05-01 04:00:00+09:00",
        "symbol": "EUR/JPY",
        "side": "LONG",
        "reason": "position_size_invalid"
      },
      {
        "signal_time": "2024-06-07 16:00:00+09:00",
        "entry_time": "2024-06-07 20:00:00+09:00",
        "symbol": "EUR/JPY",
        "side": "LONG",
        "reason": "position_size_invalid"
      },
      {
        "signal_time": "2024-06-12 00:00:00+09:00",
        "entry_time": "2024-06-12 04:00:00+09:00",
        "symbol": "EUR/JPY",
        "side": "SHORT",
        "reason": "position_size_invalid"
      },
      {
        "signal_time": "2024-06-15 00:00:00+09:00",
        "entry_time": "2024-06-15 04:00:00+09:00",
        "symbol": "EUR/JPY",
        "side": "SHORT",
        "reason": "position_size_invalid"
      },
      {
        "signal_time": "2024-06-18 00:00:00+09:00",
        "entry_time": "2024-06-18 04:00:00+09:00",
        "symbol": "EUR/JPY",
        "side": "LONG",
        "reason": "position_size_invalid"
      },
      {
        "signal_time": "2024-06-29 08:00:00+09:00",
        "entry_time": "2024-06-29 12:00:00+09:00",
        "symbol": "EUR/JPY",
        "side": "LONG",
        "reason": "maintenance"
      },
      {
        "signal_time": "2024-07-20 00:00:00+09:00",
        "entry_time": "2024-07-20 04:00:00+09:00",
        "symbol": "EUR/JPY",
        "side": "SHORT",
        "reason": "position_size_invalid"
      },
      {
        "signal_time": "2024-07-22 20:00:00+09:00",
        "entry_time": "2024-07-23 00:00:00+09:00",
        "symbol": "EUR/JPY",
        "side": "SHORT",
        "reason": "position_size_invalid"
      },
      {
        "signal_time": "2024-08-07 00:00:00+09:00",
        "entry_time": "2024-08-07 04:00:00+09:00",
        "symbol": "EUR/JPY",
        "side": "SHORT",
        "reason": "position_size_invalid"
      },
      {
        "signal_time": "2024-08-10 04:00:00+09:00",
        "entry_time": "2024-08-10 08:00:00+09:00",
        "symbol": "EUR/JPY",
        "side": "SHORT",
        "reason": "position_size_invalid"
      },
      {
        "signal_time": "2024-08-10 12:00:00+09:00",
        "entry_time": "2024-08-12 16:00:00+09:00",
        "symbol": "EUR/JPY",
        "side": "SHORT",
        "reason": "position_size_invalid"
      },
      {
        "signal_time": "2024-08-22 04:00:00+09:00",
        "entry_time": "2024-08-22 08:00:00+09:00",
        "symbol": "EUR/JPY",
        "side": "SHORT",
        "reason": "position_size_invalid"
      },
      {
        "signal_time": "2024-08-22 08:00:00+09:00",
        "entry_time": "2024-08-22 12:00:00+09:00",
        "symbol": "EUR/JPY",
        "side": "SHORT",
        "reason": "position_size_invalid"
      },
      {
        "signal_time": "2024-08-22 20:00:00+09:00",
        "entry_time": "2024-08-23 00:00:00+09:00",
        "symbol": "EUR/JPY",
        "side": "SHORT",
        "reason": "position_size_invalid"
      },
      {
        "signal_time": "2024-08-24 04:00:00+09:00",
        "entry_time": "2024-08-24 08:00:00+09:00",
        "symbol": "EUR/JPY",
        "side": "SHORT",
        "reason": "position_size_invalid"
      },
      {
        "signal_time": "2024-08-27 20:00:00+09:00",
        "entry_time": "2024-08-28 00:00:00+09:00",
        "symbol": "EUR/JPY",
        "side": "SHORT",
        "reason": "position_size_invalid"
      },
      {
        "signal_time": "2024-08-30 00:00:00+09:00",
        "entry_time": "2024-08-30 04:00:00+09:00",
        "symbol": "EUR/JPY",
        "side": "SHORT",
        "reason": "position_size_invalid"
      },
      {
        "signal_time": "2024-09-03 00:00:00+09:00",
        "entry_time": "2024-09-03 04:00:00+09:00",
        "symbol": "EUR/JPY",
        "side": "LONG",
        "reason": "position_size_invalid"
      },
      {
        "signal_time": "2024-09-17 16:00:00+09:00",
        "entry_time": "2024-09-17 20:00:00+09:00",
        "symbol": "EUR/JPY",
        "side": "SHORT",
        "reason": "position_size_invalid"
      },
      {
        "signal_time": "2024-09-19 12:00:00+09:00",
        "entry_time": "2024-09-19 16:00:00+09:00",
        "symbol": "EUR/JPY",
        "side": "LONG",
        "reason": "position_size_invalid"
      },
      {
        "signal_time": "2024-09-21 00:00:00+09:00",
        "entry_time": "2024-09-21 04:00:00+09:00",
        "symbol": "EUR/JPY",
        "side": "LONG",
        "reason": "position_size_invalid"
      },
      {
        "signal_time": "2024-09-24 12:00:00+09:00",
        "entry_time": "2024-09-24 16:00:00+09:00",
        "symbol": "EUR/JPY",
        "side": "LONG",
        "reason": "position_size_invalid"
      },
      {
        "signal_time": "2024-10-02 00:00:00+09:00",
        "entry_time": "2024-10-02 04:00:00+09:00",
        "symbol": "EUR/JPY",
        "side": "SHORT",
        "reason": "position_size_invalid"
      },
      {
        "signal_time": "2024-10-03 00:00:00+09:00",
        "entry_time": "2024-10-03 04:00:00+09:00",
        "symbol": "EUR/JPY",
        "side": "LONG",
        "reason": "position_size_invalid"
      },
      {
        "signal_time": "2024-10-05 00:00:00+09:00",
        "entry_time": "2024-10-05 04:00:00+09:00",
        "symbol": "EUR/JPY",
        "side": "LONG",
        "reason": "position_size_invalid"
      },
      {
        "signal_time": "2024-10-11 16:00:00+09:00",
        "entry_time": "2024-10-11 20:00:00+09:00",
        "symbol": "EUR/JPY",
        "side": "LONG",
        "reason": "position_size_invalid"
      },
      {
        "signal_time": "2024-10-11 20:00:00+09:00",
        "entry_time": "2024-10-12 00:00:00+09:00",
        "symbol": "EUR/JPY",
        "side": "LONG",
        "reason": "position_size_invalid"
      },
      {
        "signal_time": "2024-10-26 00:00:00+09:00",
        "entry_time": "2024-10-26 04:00:00+09:00",
        "symbol": "EUR/JPY",
        "side": "LONG",
        "reason": "position_size_invalid"
      },
      {
        "signal_time": "2024-11-07 08:00:00+09:00",
        "entry_time": "2024-11-07 12:00:00+09:00",
        "symbol": "EUR/JPY",
        "side": "LONG",
        "reason": "position_size_invalid"
      },
      {
        "signal_time": "2024-11-14 20:00:00+09:00",
        "entry_time": "2024-11-15 00:00:00+09:00",
        "symbol": "EUR/JPY",
        "side": "LONG",
        "reason": "position_size_invalid"
      },
      {
        "signal_time": "2024-11-16 00:00:00+09:00",
        "entry_time": "2024-11-16 04:00:00+09:00",
        "symbol": "EUR/JPY",
        "side": "SHORT",
        "reason": "position_size_invalid"
      },
      {
        "signal_time": "2024-11-16 08:00:00+09:00",
        "entry_time": "2024-11-16 12:00:00+09:00",
        "symbol": "EUR/JPY",
        "side": "SHORT",
        "reason": "maintenance"
      },
      {
        "signal_time": "2024-11-26 16:00:00+09:00",
        "entry_time": "2024-11-26 20:00:00+09:00",
        "symbol": "EUR/JPY",
        "side": "SHORT",
        "reason": "position_size_invalid"
      },
      {
        "signal_time": "2024-12-05 20:00:00+09:00",
        "entry_time": "2024-12-06 00:00:00+09:00",
        "symbol": "EUR/JPY",
        "side": "SHORT",
        "reason": "position_size_invalid"
      },
      {
        "signal_time": "2024-12-07 08:00:00+09:00",
        "entry_time": "2024-12-07 12:00:00+09:00",
        "symbol": "EUR/JPY",
        "side": "SHORT",
        "reason": "maintenance"
      },
      {
        "signal_time": "2024-12-19 20:00:00+09:00",
        "entry_time": "2024-12-20 00:00:00+09:00",
        "symbol": "EUR/JPY",
        "side": "LONG",
        "reason": "position_size_invalid"
      },
      {
        "signal_time": "2025-01-11 04:00:00+09:00",
        "entry_time": "2025-01-11 08:00:00+09:00",
        "symbol": "EUR/JPY",
        "side": "SHORT",
        "reason": "position_size_invalid"
      },
      {
        "signal_time": "2025-01-21 00:00:00+09:00",
        "entry_time": "2025-01-21 04:00:00+09:00",
        "symbol": "EUR/JPY",
        "side": "LONG",
        "reason": "position_size_invalid"
      },
      {
        "signal_time": "2025-01-28 20:00:00+09:00",
        "entry_time": "2025-01-29 00:00:00+09:00",
        "symbol": "EUR/JPY",
        "side": "LONG",
        "reason": "position_size_invalid"
      },
      {
        "signal_time": "2025-02-05 12:00:00+09:00",
        "entry_time": "2025-02-05 16:00:00+09:00",
        "symbol": "EUR/JPY",
        "side": "SHORT",
        "reason": "position_size_invalid"
      },
      {
        "signal_time": "2025-02-22 04:00:00+09:00",
        "entry_time": "2025-02-22 08:00:00+09:00",
        "symbol": "EUR/JPY",
        "side": "SHORT",
        "reason": "position_size_invalid"
      },
      {
        "signal_time": "2025-02-25 20:00:00+09:00",
        "entry_time": "2025-02-26 00:00:00+09:00",
        "symbol": "EUR/JPY",
        "side": "SHORT",
        "reason": "position_size_invalid"
      },
      {
        "signal_time": "2025-02-27 12:00:00+09:00",
        "entry_time": "2025-02-27 16:00:00+09:00",
        "symbol": "EUR/JPY",
        "side": "SHORT",
        "reason": "position_size_invalid"
      },
      {
        "signal_time": "2025-03-01 12:00:00+09:00",
        "entry_time": "2025-03-01 16:00:00+09:00",
        "symbol": "EUR/JPY",
        "side": "SHORT",
        "reason": "maintenance"
      },
      {
        "signal_time": "2025-03-03 20:00:00+09:00",
        "entry_time": "2025-03-04 00:00:00+09:00",
        "symbol": "EUR/JPY",
        "side": "SHORT",
        "reason": "position_size_invalid"
      },
      {
        "signal_time": "2025-03-05 00:00:00+09:00",
        "entry_time": "2025-03-05 04:00:00+09:00",
        "symbol": "EUR/JPY",
        "side": "LONG",
        "reason": "position_size_invalid"
      },
      {
        "signal_time": "2025-03-05 12:00:00+09:00",
        "entry_time": "2025-03-05 16:00:00+09:00",
        "symbol": "EUR/JPY",
        "side": "LONG",
        "reason": "position_size_invalid"
      },
      {
        "signal_time": "2025-03-08 12:00:00+09:00",
        "entry_time": "2025-03-08 16:00:00+09:00",
        "symbol": "EUR/JPY",
        "side": "LONG",
        "reason": "maintenance"
      },
      {
        "signal_time": "2025-03-11 20:00:00+09:00",
        "entry_time": "2025-03-12 00:00:00+09:00",
        "symbol": "EUR/JPY",
        "side": "LONG",
        "reason": "position_size_invalid"
      },
      {
        "signal_time": "2025-03-26 20:00:00+09:00",
        "entry_time": "2025-03-27 00:00:00+09:00",
        "symbol": "EUR/JPY",
        "side": "LONG",
        "reason": "position_size_invalid"
      },
      {
        "signal_time": "2025-03-27 08:00:00+09:00",
        "entry_time": "2025-03-27 12:00:00+09:00",
        "symbol": "EUR/JPY",
        "side": "LONG",
        "reason": "position_size_invalid"
      },
      {
        "signal_time": "2025-04-05 00:00:00+09:00",
        "entry_time": "2025-04-05 04:00:00+09:00",
        "symbol": "EUR/JPY",
        "side": "SHORT",
        "reason": "position_size_invalid"
      },
      {
        "signal_time": "2025-04-05 12:00:00+09:00",
        "entry_time": "2025-04-05 16:00:00+09:00",
        "symbol": "EUR/JPY",
        "side": "SHORT",
        "reason": "maintenance"
      },
      {
        "signal_time": "2025-04-09 00:00:00+09:00",
        "entry_time": "2025-04-09 04:00:00+09:00",
        "symbol": "EUR/JPY",
        "side": "SHORT",
        "reason": "position_size_invalid"
      },
      {
        "signal_time": "2025-04-10 12:00:00+09:00",
        "entry_time": "2025-04-10 16:00:00+09:00",
        "symbol": "EUR/JPY",
        "side": "LONG",
        "reason": "position_size_invalid"
      },
      {
        "signal_time": "2025-04-19 00:00:00+09:00",
        "entry_time": "2025-04-19 04:00:00+09:00",
        "symbol": "EUR/JPY",
        "side": "LONG",
        "reason": "position_size_invalid"
      },
      {
        "signal_time": "2025-04-21 20:00:00+09:00",
        "entry_time": "2025-04-22 00:00:00+09:00",
        "symbol": "EUR/JPY",
        "side": "LONG",
        "reason": "position_size_invalid"
      },
      {
        "signal_time": "2025-04-25 08:00:00+09:00",
        "entry_time": "2025-04-25 12:00:00+09:00",
        "symbol": "EUR/JPY",
        "side": "LONG",
        "reason": "position_size_invalid"
      },
      {
        "signal_time": "2025-05-24 04:00:00+09:00",
        "entry_time": "2025-05-24 08:00:00+09:00",
        "symbol": "EUR/JPY",
        "side": "SHORT",
        "reason": "position_size_invalid"
      },
      {
        "signal_time": "2025-05-30 04:00:00+09:00",
        "entry_time": "2025-05-30 08:00:00+09:00",
        "symbol": "EUR/JPY",
        "side": "LONG",
        "reason": "position_size_invalid"
      },
      {
        "signal_time": "2025-05-31 08:00:00+09:00",
        "entry_time": "2025-05-31 12:00:00+09:00",
        "symbol": "EUR/JPY",
        "side": "LONG",
        "reason": "maintenance"
      },
      {
        "signal_time": "2025-06-25 08:00:00+09:00",
        "entry_time": "2025-06-25 12:00:00+09:00",
        "symbol": "EUR/JPY",
        "side": "LONG",
        "reason": "position_size_invalid"
      },
      {
        "signal_time": "2025-07-24 08:00:00+09:00",
        "entry_time": "2025-07-24 12:00:00+09:00",
        "symbol": "EUR/JPY",
        "side": "LONG",
        "reason": "position_size_invalid"
      },
      {
        "signal_time": "2025-07-26 00:00:00+09:00",
        "entry_time": "2025-07-26 04:00:00+09:00",
        "symbol": "EUR/JPY",
        "side": "LONG",
        "reason": "position_size_invalid"
      },
      {
        "signal_time": "2025-10-22 04:00:00+09:00",
        "entry_time": "2025-10-22 08:00:00+09:00",
        "symbol": "EUR/JPY",
        "side": "LONG",
        "reason": "position_size_invalid"
      },
      {
        "signal_time": "2025-10-22 20:00:00+09:00",
        "entry_time": "2025-10-23 00:00:00+09:00",
        "symbol": "EUR/JPY",
        "side": "LONG",
        "reason": "position_size_invalid"
      },
      {
        "signal_time": "2025-11-29 08:00:00+09:00",
        "entry_time": "2025-11-29 12:00:00+09:00",
        "symbol": "EUR/JPY",
        "side": "LONG",
        "reason": "maintenance"
      },
      {
        "signal_time": "2026-01-26 12:00:00+09:00",
        "entry_time": "2026-01-26 16:00:00+09:00",
        "symbol": "EUR/JPY",
        "side": "SHORT",
        "reason": "position_size_invalid"
      },
      {
        "signal_time": "2026-01-28 20:00:00+09:00",
        "entry_time": "2026-01-29 00:00:00+09:00",
        "symbol": "EUR/JPY",
        "side": "SHORT",
        "reason": "position_size_invalid"
      },
      {
        "signal_time": "2026-01-29 12:00:00+09:00",
        "entry_time": "2026-01-29 16:00:00+09:00",
        "symbol": "EUR/JPY",
        "side": "SHORT",
        "reason": "position_size_invalid"
      }
    ]
  }
}