{
  "n_runs": 1000,
  "initial_equity": 100000.0,
  "ruin_threshold": 0.9,
  "ruin_threshold_equity": 90000.0,
  "ruin_count": 0,
  "ruin_probability": 0.0,
  "mean_final_equity": 119387.99912110693,
  "median_final_equity": 119387.99912110691,
  "std_final_equity": 1.0483440509024004e-11,
  "min_final_equity": 119387.99912110691,
  "max_final_equity": 119387.99912110693,
  "percentile_5": 119387.99912110691,
  "percentile_25": 119387.99912110691,
  "percentile_75": 119387.99912110693,
  "percentile_95": 119387.99912110693
}