signal_time,entry_time,symbol,side,reason
2024-01-04 00:00:00+09:00,2024-01-04 04:00:00+09:00,EUR/JPY,LONG,position_size_invalid
2024-01-09 12:00:00+09:00,2024-01-09 16:00:00+09:00,EUR/JPY,LONG,position_size_invalid
2024-01-16 04:00:00+09:00,2024-01-16 08:00:00+09:00,EUR/JPY,LONG,position_size_invalid
2024-01-27 04:00:00+09:00,2024-01-27 08:00:00+09:00,EUR/JPY,LONG,position_size_invalid
2024-01-29 16:00:00+09:00,2024-01-29 20:00:00+09:00,EUR/JPY,LONG,position_size_invalid
2024-02-01 08:00:00+09:00,2024-02-01 12:00:00+09:00,EUR/JPY,SHORT,position_size_invalid
2024-02-03 00:00:00+09:00,2024-02-03 04:00:00+09:00,EUR/JPY,LONG,position_size_invalid
2024-03-02 12:00:00+09:00,2024-03-02 16:00:00+09:00,EUR/JPY,LONG,maintenance
2024-03-13 00:00:00+09:00,2024-03-13 04:00:00+09:00,EUR/JPY,SHORT,position_size_invalid
2024-04-30 12:00:00+09:00,2024-04-30 16:00:00+09:00,EUR/JPY,LONG,position_size_invalid
2024-05-01 00:00:00+09:00,2024-05-01 04:00:00+09:00,EUR/JPY,LONG,position_size_invalid
2024-06-07 16:00:00+09:00,2024-06-07 20:00:00+09:00,EUR/JPY,LONG,position_size_invalid
2024-06-12 00:00:00+09:00,2024-06-12 04:00:00+09:00,EUR/JPY,SHORT,position_size_invalid
2024-06-15 00:00:00+09:00,2024-06-15 04:00:00+09:00,EUR/JPY,SHORT,position_size_invalid
2024-06-18 00:00:00+09:00,2024-06-18 04:00:00+09:00,EUR/JPY,LONG,position_size_invalid
2024-06-29 08:00:00+09:00,2024-06-29 12:00:00+09:00,EUR/JPY,LONG,maintenance
2024-07-20 00:00:00+09:00,2024-07-20 04:00:00+09:00,EUR/JPY,SHORT,position_size_invalid
2024-07-22 20:00:00+09:00,2024-07-23 00:00:00+09:00,EUR/JPY,SHORT,position_size_invalid
2024-08-07 00:00:00+09:00,2024-08-07 04:00:00+09:00,EUR/JPY,SHORT,position_size_invalid
2024-08-10 04:00:00+09:00,2024-08-10 08:00:00+09:00,EUR/JPY,SHORT,position_size_invalid
2024-08-10 12:00:00+09:00,2024-08-12 16:00:00+09:00,EUR/JPY,SHORT,position_size_invalid
2024-08-22 04:00:00+09:00,2024-08-22 08:00:00+09:00,EUR/JPY,SHORT,position_size_invalid
2024-08-22 08:00:00+09:00,2024-08-22 12:00:00+09:00,EUR/JPY,SHORT,position_size_invalid
2024-08-22 20:00:00+09:00,2024-08-23 00:00:00+09:00,EUR/JPY,SHORT,position_size_invalid
2024-08-24 04:00:00+09:00,2024-08-24 08:00:00+09:00,EUR/JPY,SHORT,position_size_invalid
2024-08-27 20:00:00+09:00,2024-08-28 00:00:00+09:00,EUR/JPY,SHORT,position_size_invalid
2024-08-30 00:00:00+09:00,2024-08-30 04:00:00+09:00,EUR/JPY,SHORT,position_size_invalid
2024-09-03 00:00:00+09:00,2024-09-03 04:00:00+09:00,EUR/JPY,LONG,position_size_invalid
2024-09-17 16:00:00+09:00,2024-09-17 20:00:00+09:00,EUR/JPY,SHORT,position_size_invalid
2024-09-19 12:00:00+09:00,2024-09-19 16:00:00+09:00,EUR/JPY,LONG,position_size_invalid
2024-09-21 00:00:00+09:00,2024-09-21 04:00:00+09:00,EUR/JPY,LONG,position_size_invalid
2024-09-24 12:00:00+09:00,2024-09-24 16:00:00+09:00,EUR/JPY,LONG,position_size_invalid
2024-10-02 00:00:00+09:00,2024-10-02 04:00:00+09:00,EUR/JPY,SHORT,position_size_invalid
2024-10-03 00:00:00+09:00,2024-10-03 04:00:00+09:00,EUR/JPY,LONG,position_size_invalid
2024-10-05 00:00:00+09:00,2024-10-05 04:00:00+09:00,EUR/JPY,LONG,position_size_invalid
2024-10-11 16:00:00+09:00,2024-10-11 20:00:00+09:00,EUR/JPY,LONG,position_size_invalid
2024-10-11 20:00:00+09:00,2024-10-12 00:00:00+09:00,EUR/JPY,LONG,position_size_invalid
2024-10-26 00:00:00+09:00,2024-10-26 04:00:00+09:00,EUR/JPY,LONG,position_size_invalid
2024-11-07 08:00:00+09:00,2024-11-07 12:00:00+09:00,EUR/JPY,LONG,position_size_invalid
2024-11-14 20:00:00+09:00,2024-11-15 00:00:00+09:00,EUR/JPY,LONG,position_size_invalid
2024-11-16 00:00:00+09:00,2024-11-16 04:00:00+09:00,EUR/JPY,SHORT,position_size_invalid
2024-11-16 08:00:00+09:00,2024-11-16 12:00:00+09:00,EUR/JPY,SHORT,maintenance
2024-11-26 16:00:00+09:00,2024-11-26 20:00:00+09:00,EUR/JPY,SHORT,position_size_invalid
2024-12-05 20:00:00+09:00,2024-12-06 00:00:00+09:00,EUR/JPY,SHORT,position_size_invalid
2024-12-07 08:00:00+09:00,2024-12-07 12:00:00+09:00,EUR/JPY,SHORT,maintenance
2024-12-19 20:00:00+09:00,2024-12-20 00:00:00+09:00,EUR/JPY,LONG,position_size_invalid
2025-01-11 04:00:00+09:00,2025-01-11 08:00:00+09:00,EUR/JPY,SHORT,position_size_invalid
2025-01-21 00:00:00+09:00,2025-01-21 04:00:00+09:00,EUR/JPY,LONG,position_size_invalid
2025-01-28 20:00:00+09:00,2025-01-29 00:00:00+09:00,EUR/JPY,LONG,position_size_invalid
2025-02-05 12:00:00+09:00,2025-02-05 16:00:00+09:00,EUR/JPY,SHORT,position_size_invalid
2025-02-22 04:00:00+09:00,2025-02-22 08:00:00+09:00,EUR/JPY,SHORT,position_size_invalid
2025-02-25 20:00:00+09:00,2025-02-26 00:00:00+09:00,EUR/JPY,SHORT,position_size_invalid
2025-02-27 12:00:00+09:00,2025-02-27 16:00:00+09:00,EUR/JPY,SHORT,position_size_invalid
2025-03-01 12:00:00+09:00,2025-03-01 16:00:00+09:00,EUR/JPY,SHORT,maintenance
2025-03-03 20:00:00+09:00,2025-03-04 00:00:00+09:00,EUR/JPY,SHORT,position_size_invalid
2025-03-05 00:00:00+09:00,2025-03-05 04:00:00+09:00,EUR/JPY,LONG,position_size_invalid
2025-03-05 12:00:00+09:00,2025-03-05 16:00:00+09:00,EUR/JPY,LONG,position_size_invalid
2025-03-08 12:00:00+09:00,2025-03-08 16:00:00+09:00,EUR/JPY,LONG,maintenance
2025-03-11 20:00:00+09:00,2025-03-12 00:00:00+09:00,EUR/JPY,LONG,position_size_invalid
2025-03-26 20:00:00+09:00,2025-03-27 00:00:00+09:00,EUR/JPY,LONG,position_size_invalid
2025-03-27 08:00:00+09:00,2025-03-27 12:00:00+09:00,EUR/JPY,LONG,position_size_invalid
2025-04-05 00:00:00+09:00,2025-04-05 04:00:00+09:00,EUR/JPY,SHORT,position_size_invalid
2025-04-05 12:00:00+09:00,2025-04-05 16:00:00+09:00,EUR/JPY,SHORT,maintenance
2025-04-09 00:00:00+09:00,2025-04-09 04:00:00+09:00,EUR/JPY,SHORT,position_size_invalid
2025-04-10 12:00:00+09:00,2025-04-10 16:00:00+09:00,EUR/JPY,LONG,position_size_invalid
2025-04-19 00:00:00+09:00,2025-04-19 04:00:00+09:00,EUR/JPY,LONG,position_size_invalid
2025-04-21 20:00:00+09:00,2025-04-22 00:00:00+09:00,EUR/JPY,LONG,position_size_invalid
2025-04-25 08:00:00+09:00,2025-04-25 12:00:00+09:00,EUR/JPY,LONG,position_size_invalid
2025-05-24 04:00:00+09:00,2025-05-24 08:00:00+09:00,EUR/JPY,SHORT,position_size_invalid
2025-05-30 04:00:00+09:00,2025-05-30 08:00:00+09:00,EUR/JPY,LONG,position_size_invalid
2025-05-31 08:00:00+09:00,2025-05-31 12:00:00+09:00,EUR/JPY,LONG,maintenance
2025-06-25 08:00:00+09:00,2025-06-25 12:00:00+09:00,EUR/JPY,LONG,position_size_invalid
2025-07-24 08:00:00+09:00,2025-07-24 12:00:00+09:00,EUR/JPY,LONG,position_size_invalid
2025-07-26 00:00:00+09:00,2025-07-26 04:00:00+09:00,EUR/JPY,LONG,position_size_invalid
2025-10-22 04:00:00+09:00,2025-10-22 08:00:00+09:00,EUR/JPY,LONG,position_size_invalid
2025-10-22 20:00:00+09:00,2025-10-23 00:00:00+09:00,EUR/JPY,LONG,position_size_invalid
2025-11-29 08:00:00+09:00,2025-11-29 12:00:00+09:00,EUR/JPY,LONG,maintenance
2026-01-26 12:00:00+09:00,2026-01-26 16:00:00+09:00,EUR/JPY,SHORT,position_size_invalid
2026-01-28 20:00:00+09:00,2026-01-29 00:00:00+09:00,EUR/JPY,SHORT,position_size_invalid
2026-01-29 12:00:00+09:00,2026-01-29 16:00:00+09:00,EUR/JPY,SHORT,position_size_invalid
