{
  "start_date": "2024-01-01",
  "end_date": "2026-02-14",
  "initial_equity": 100000.0,
  "final_equity": 111763.04371494203,
  "total_trades": 56,
  "wins": 31,
  "losses": 25,
  "win_rate": 0.5535714285714286,
  "total_pnl_gross": 12435.043714942038,
  "total_pnl_net": 11763.043714942038,
  "total_cost": 672.0,
  "pf_gross": 2.2502757477263513,
  "pf_net": 2.148079868373771,
  "avg_win_net": 709.964021047598,
  "avg_loss_net": -409.83363750133964,
  "expectancy_net": 210.0543520525366,
  "avg_r_multiple": 0.4930455929230533,
  "max_drawdown_close_based": 0.016152877372637087,
  "per_symbol": {
    "EUR/JPY": {
      "count": 56,
      "total_pnl_net": 11763.043714942038,
      "win_rate": 0.5535714285714286,
      "avg_pnl_net": 210.05435205253642,
      "avg_win": 709.964021047598,
      "avg_loss": -409.83363750133964
    }
  },
  "per_side": {
    "LONG": {
      "count": 49,
      "total_pnl_net": 11247.684394465059,
      "win_rate": 0.5714285714285714,
      "avg_pnl_net": 229.5445794788788,
      "avg_win": 713.8933199298475,
      "avg_loss": -416.2537411224127
    },
    "SHORT": {
      "count": 7,
      "total_pnl_net": 515.359320476978,
      "win_rate": 0.42857142857142855,
      "avg_pnl_net": 73.62276006813973,
      "avg_win": 673.2905648132672,
      "avg_loss": -376.12809349070585
    }
  },
  "per_exit_reason": {
    "SL": {
      "count": 25,
      "total_pnl_net": -10245.84093753349,
      "win_rate": 0.0,
      "avg_pnl_net": -409.83363750133964,
      "avg_win": 0.0,
      "avg_loss": -409.83363750133964
    },
    "BE": {
      "count": 9,
      "total_pnl_net": 2553.355573989112,
      "win_rate": 1.0,
      "avg_pnl_net": 283.7061748876792,
      "avg_win": 283.7061748876792,
      "avg_loss": 0.0
    },
    "TP2": {
      "count": 22,
      "total_pnl_net": 19455.52907848642,
      "win_rate": 1.0,
      "avg_pnl_net": 884.3422308402916,
      "avg_win": 884.3422308402916,
      "avg_loss": 0.0
    }
  },
  "risk_violations_count": 0,
  "risk_violations": [],
  "monthly_returns": [
    {
      "month": "2024-01",
      "trades": 3,
      "pnl_net": 242.96304580353615,
      "equity": 100242.96304580354,
      "return_pct": 0.24296304580353612
    },
    {
      "month": "2024-02",
      "trades": 4,
      "pnl_net": 1448.4571835418496,
      "equity": 101691.42022934539,
      "return_pct": 1.4484571835418496
    },
    {
      "month": "2024-03",
      "trades": 4,
      "pnl_net": 362.43544982609603,
      "equity": 102053.85567917148,
      "return_pct": 0.36243544982609605
    },
    {
      "month": "2024-04",
      "trades": 7,
      "pnl_net": 2079.319968708592,
      "equity": 104133.17564788007,
      "return_pct": 2.079319968708592
    },
    {
      "month": "2024-05",
      "trades": 3,
      "pnl_net": -1112.5815666908907,
      "equity": 103020.59408118918,
      "return_pct": -1.1125815666908907
    },
    {
      "month": "2024-06",
      "trades": 2,
      "pnl_net": 1204.0280845265424,
      "equity": 104224.62216571571,
      "return_pct": 1.2040280845265423
    },
    {
      "month": "2024-07",
      "trades": 1,
      "pnl_net": 864.8691702824896,
      "equity": 105089.4913359982,
      "return_pct": 0.8648691702824896
    },
    {
      "month": "2024-10",
      "trades": 3,
      "pnl_net": 43.39938322195417,
      "equity": 105132.89071922016,
      "return_pct": 0.04339938322195417
    },
    {
      "month": "2025-05",
      "trades": 4,
      "pnl_net": 1751.2185969840618,
      "equity": 106884.10931620422,
      "return_pct": 1.7512185969840617
    },
    {
      "month": "2025-06",
      "trades": 2,
      "pnl_net": 611.0925307043553,
      "equity": 107495.20184690857,
      "return_pct": 0.6110925307043553
    },
    {
      "month": "2025-07",
      "trades": 2,
      "pnl_net": 1184.5420073644427,
      "equity": 108679.74385427302,
      "return_pct": 1.1845420073644428
    },
    {
      "month": "2025-08",
      "trades": 5,
      "pnl_net": -1447.938530833594,
      "equity": 107231.80532343943,
      "return_pct": -1.4479385308335941
    },
    {
      "month": "2025-09",
      "trades": 1,
      "pnl_net": 266.03223948670563,
      "equity": 107497.83756292614,
      "return_pct": 0.2660322394867056
    },
    {
      "month": "2025-10",
      "trades": 2,
      "pnl_net": 593.607944868638,
      "equity": 108091.44550779478,
      "return_pct": 0.593607944868638
    },
    {
      "month": "2025-11",
      "trades": 4,
      "pnl_net": 1682.2312358416004,
      "equity": 109773.67674363637,
      "return_pct": 1.6822312358416005
    },
    {
      "month": "2025-12",
      "trades": 5,
      "pnl_net": 217.76480731024844,
      "equity": 109991.44155094662,
      "return_pct": 0.21776480731024844
    },
    {
      "month": "2026-01",
      "trades": 2,
      "pnl_net": 439.6553392977305,
      "equity": 110431.09689024436,
      "return_pct": 0.43965533929773054
    },
    {
      "month": "2026-02",
      "trades": 2,
      "pnl_net": 1331.9468246976821,
      "equity": 111763.04371494203,
      "return_pct": 1.3319468246976822
    }
  ],
  "run_id": "fixed_r_tp2",
  "symbol": "EUR/JPY",
  "config_file": "config/minnafx.yaml",
  "parameters": {
    "initial_equity": 100000.0,
    "risk_pct": 0.005,
    "atr_multiplier": 1.0,
    "tp1_r": 1.5,
    "tp2_r": 3.0
  },
  "stats": {
    "total_signals": 134,
    "executed_trades": 56,
    "skipped_signals": 78,
    "maintenance_skips": 9,
    "spread_filter_skips": 0,
    "position_size_skips": 69,
    "skipped_details": [
      {
        "signal_time": "2024-01-04 00:00:00+09:00",
        "entry_time": "2024-01-04 04:00:00+09:00",
        "symbol": "EUR/JPY",
        "side": "LONG",
        "reason": "position_size_invalid"
      },
      {
        "signal_time": "2024-01-09 12:00:00+09:00",
        "entry_time": "2024-01-09 16:00:00+09:00",
        "symbol": "EUR/JPY",
        "side": "LONG",
        "reason": "position_size_invalid"
      },
      {
        "signal_time": "2024-01-16 04:00:00+09:00",
        "entry_time": "2024-01-16 08:00:00+09:00",
        "symbol": "EUR/JPY",
        "side": "LONG",
        "reason": "position_size_invalid"
      },
      {
        "signal_time": "2024-01-27 04:00:00+09:00",
        "entry_time": "2024-01-27 08:00:00+09:00",
        "symbol": "EUR/JPY",
        "side": "LONG",
        "reason": "position_size_invalid"
      },
      {
        "signal_time": "2024-01-29 16:00:00+09:00",
        "entry_time": "2024-01-29 20:00:00+09:00",
        "symbol": "EUR/JPY",
        "side": "LONG",
        "reason": "position_size_invalid"
      },
      {
        "signal_time": "2024-02-01 08:00:00+09:00",
        "entry_time": "2024-02-01 12:00:00+09:00",
        "symbol": "EUR/JPY",
        "side": "SHORT",
        "reason": "position_size_invalid"
      },
      {
        "signal_time": "2024-02-03 00:00:00+09:00",
        "entry_time": "2024-02-03 04:00:00+09:00",
        "symbol": "EUR/JPY",
        "side": "LONG",
        "reason": "position_size_invalid"
      },
      {
        "signal_time": "2024-03-02 12:00:00+09:00",
        "entry_time": "2024-03-02 16:00:00+09:00",
        "symbol": "EUR/JPY",
        "side": "LONG",
        "reason": "maintenance"
      },
      {
        "signal_time": "2024-03-13 00:00:00+09:00",
        "entry_time": "2024-03-13 04:00:00+09:00",
        "symbol": "EUR/JPY",
        "side": "SHORT",
        "reason": "position_size_invalid"
      },
      {
        "signal_time": "2024-04-30 12:00:00+09:00",
        "entry_time": "2024-04-30 16:00:00+09:00",
        "symbol": "EUR/JPY",
        "side": "LONG",
        "reason": "position_size_invalid"
      },
      {
        "signal_time": "2024-05-01 00:00:00+09:00",
        "entry_time": "2024-05-01 04:00:00+09:00",
        "symbol": "EUR/JPY",
        "side": "LONG",
        "reason": "position_size_invalid"
      },
      {
        "signal_time": "2024-06-07 16:00:00+09:00",
        "entry_time": "2024-06-07 20:00:00+09:00",
        "symbol": "EUR/JPY",
        "side": "LONG",
        "reason": "position_size_invalid"
      },
      {
        "signal_time": "2024-06-12 00:00:00+09:00",
        "entry_time": "2024-06-12 04:00:00+09:00",
        "symbol": "EUR/JPY",
        "side": "SHORT",
        "reason": "position_size_invalid"
      },
      {
        "signal_time": "2024-06-15 00:00:00+09:00",
        "entry_time": "2024-06-15 04:00:00+09:00",
        "symbol": "EUR/JPY",
        "side": "SHORT",
        "reason": "position_size_invalid"
      },
      {
        "signal_time": "2024-06-18 00:00:00+09:00",
        "entry_time": "2024-06-18 04:00:00+09:00",
        "symbol": "EUR/JPY",
        "side": "LONG",
        "reason": "position_size_invalid"
      },
      {
        "signal_time": "2024-06-29 08:00:00+09:00",
        "entry_time": "2024-06-29 12:00:00+09:00",
        "symbol": "EUR/JPY",
        "side": "LONG",
        "reason": "maintenance"
      },
      {
        "signal_time": "2024-07-20 00:00:00+09:00",
        "entry_time": "2024-07-20 04:00:00+09:00",
        "symbol": "EUR/JPY",
        "side": "SHORT",
        "reason": "position_size_invalid"
      },
      {
        "signal_time": "2024-07-22 20:00:00+09:00",
        "entry_time": "2024-07-23 00:00:00+09:00",
        "symbol": "EUR/JPY",
        "side": "SHORT",
        "reason": "position_size_invalid"
      },
      {
        "signal_time": "2024-08-07 00:00:00+09:00",
        "entry_time": "2024-08-07 04:00:00+09:00",
        "symbol": "EUR/JPY",
        "side": "SHORT",
        "reason": "position_size_invalid"
      },
      {
        "signal_time": "2024-08-10 04:00:00+09:00",
        "entry_time": "2024-08-10 08:00:00+09:00",
        "symbol": "EUR/JPY",
        "side": "SHORT",
        "reason": "position_size_invalid"
      },
      {
        "signal_time": "2024-08-10 12:00:00+09:00",
        "entry_time": "2024-08-12 16:00:00+09:00",
        "symbol": "EUR/JPY",
        "side": "SHORT",
        "reason": "position_size_invalid"
      },
      {
        "signal_time": "2024-08-22 04:00:00+09:00",
        "entry_time": "2024-08-22 08:00:00+09:00",
        "symbol": "EUR/JPY",
        "side": "SHORT",
        "reason": "position_size_invalid"
      },
      {
        "signal_time": "2024-08-22 08:00:00+09:00",
        "entry_time": "2024-08-22 12:00:00+09:00",
        "symbol": "EUR/JPY",
        "side": "SHORT",
        "reason": "position_size_invalid"
      },
      {
        "signal_time": "2024-08-22 20:00:00+09:00",
        "entry_time": "2024-08-23 00:00:00+09:00",
        "symbol": "EUR/JPY",
        "side": "SHORT",
        "reason": "position_size_invalid"
      },
      {
        "signal_time": "2024-08-24 04:00:00+09:00",
        "entry_time": "2024-08-24 08:00:00+09:00",
        "symbol": "EUR/JPY",
        "side": "SHORT",
        "reason": "position_size_invalid"
      },
      {
        "signal_time": "2024-08-27 20:00:00+09:00",
        "entry_time": "2024-08-28 00:00:00+09:00",
        "symbol": "EUR/JPY",
        "side": "SHORT",
        "reason": "position_size_invalid"
      },
      {
        "signal_time": "2024-08-30 00:00:00+09:00",
        "entry_time": "2024-08-30 04:00:00+09:00",
        "symbol": "EUR/JPY",
        "side": "SHORT",
        "reason": "position_size_invalid"
      },
      {
        "signal_time": "2024-09-03 00:00:00+09:00",
        "entry_time": "2024-09-03 04:00:00+09:00",
        "symbol": "EUR/JPY",
        "side": "LONG",
        "reason": "position_size_invalid"
      },
      {
        "signal_time": "2024-09-17 16:00:00+09:00",
        "entry_time": "2024-09-17 20:00:00+09:00",
        "symbol": "EUR/JPY",
        "side": "SHORT",
        "reason": "position_size_invalid"
      },
      {
        "signal_time": "2024-09-19 12:00:00+09:00",
        "entry_time": "2024-09-19 16:00:00+09:00",
        "symbol": "EUR/JPY",
        "side": "LONG",
        "reason": "position_size_invalid"
      },
      {
        "signal_time": "2024-09-21 00:00:00+09:00",
        "entry_time": "2024-09-21 04:00:00+09:00",
        "symbol": "EUR/JPY",
        "side": "LONG",
        "reason": "position_size_invalid"
      },
      {
        "signal_time": "2024-09-24 12:00:00+09:00",
        "entry_time": "2024-09-24 16:00:00+09:00",
        "symbol": "EUR/JPY",
        "side": "LONG",
        "reason": "position_size_invalid"
      },
      {
        "signal_time": "2024-10-02 00:00:00+09:00",
        "entry_time": "2024-10-02 04:00:00+09:00",
        "symbol": "EUR/JPY",
        "side": "SHORT",
        "reason": "position_size_invalid"
      },
      {
        "signal_time": "2024-10-03 00:00:00+09:00",
        "entry_time": "2024-10-03 04:00:00+09:00",
        "symbol": "EUR/JPY",
        "side": "LONG",
        "reason": "position_size_invalid"
      },
      {
        "signal_time": "2024-10-05 00:00:00+09:00",
        "entry_time": "2024-10-05 04:00:00+09:00",
        "symbol": "EUR/JPY",
        "side": "LONG",
        "reason": "position_size_invalid"
      },
      {
        "signal_time": "2024-10-11 16:00:00+09:00",
        "entry_time": "2024-10-11 20:00:00+09:00",
        "symbol": "EUR/JPY",
        "side": "LONG",
        "reason": "position_size_invalid"
      },
      {
        "signal_time": "2024-10-11 20:00:00+09:00",
        "entry_time": "2024-10-12 00:00:00+09:00",
        "symbol": "EUR/JPY",
        "side": "LONG",
        "reason": "position_size_invalid"
      },
      {
        "signal_time": "2024-10-26 00:00:00+09:00",
        "entry_time": "2024-10-26 04:00:00+09:00",
        "symbol": "EUR/JPY",
        "side": "LONG",
        "reason": "position_size_invalid"
      },
      {
        "signal_time": "2024-11-07 08:00:00+09:00",
        "entry_time": "2024-11-07 12:00:00+09:00",
        "symbol": "EUR/JPY",
        "side": "LONG",
        "reason": "position_size_invalid"
      },
      {
        "signal_time": "2024-11-14 20:00:00+09:00",
        "entry_time": "2024-11-15 00:00:00+09:00",
        "symbol": "EUR/JPY",
        "side": "LONG",
        "reason": "position_size_invalid"
      },
      {
        "signal_time": "2024-11-16 00:00:00+09:00",
        "entry_time": "2024-11-16 04:00:00+09:00",
        "symbol": "EUR/JPY",
        "side": "SHORT",
        "reason": "position_size_invalid"
      },
      {
        "signal_time": "2024-11-16 08:00:00+09:00",
        "entry_time": "2024-11-16 12:00:00+09:00",
        "symbol": "EUR/JPY",
        "side": "SHORT",
        "reason": "maintenance"
      },
      {
        "signal_time": "2024-11-26 16:00:00+09:00",
        "entry_time": "2024-11-26 20:00:00+09:00",
        "symbol": "EUR/JPY",
        "side": "SHORT",
        "reason": "position_size_invalid"
      },
      {
        "signal_time": "2024-12-05 20:00:00+09:00",
        "entry_time": "2024-12-06 00:00:00+09:00",
        "symbol": "EUR/JPY",
        "side": "SHORT",
        "reason": "position_size_invalid"
      },
      {
        "signal_time": "2024-12-07 08:00:00+09:00",
        "entry_time": "2024-12-07 12:00:00+09:00",
        "symbol": "EUR/JPY",
        "side": "SHORT",
        "reason": "maintenance"
      },
      {
        "signal_time": "2024-12-19 20:00:00+09:00",
        "entry_time": "2024-12-20 00:00:00+09:00",
        "symbol": "EUR/JPY",
        "side": "LONG",
        "reason": "position_size_invalid"
      },
      {
        "signal_time": "2025-01-11 04:00:00+09:00",
        "entry_time": "2025-01-11 08:00:00+09:00",
        "symbol": "EUR/JPY",
        "side": "SHORT",
        "reason": "position_size_invalid"
      },
      {
        "signal_time": "2025-01-21 00:00:00+09:00",
        "entry_time": "2025-01-21 04:00:00+09:00",
        "symbol": "EUR/JPY",
        "side": "LONG",
        "reason": "position_size_invalid"
      },
      {
        "signal_time": "2025-01-28 20:00:00+09:00",
        "entry_time": "2025-01-29 00:00:00+09:00",
        "symbol": "EUR/JPY",
        "side": "LONG",
        "reason": "position_size_invalid"
      },
      {
        "signal_time": "2025-02-05 12:00:00+09:00",
        "entry_time": "2025-02-05 16:00:00+09:00",
        "symbol": "EUR/JPY",
        "side": "SHORT",
        "reason": "position_size_invalid"
      },
      {
        "signal_time": "2025-02-22 04:00:00+09:00",
        "entry_time": "2025-02-22 08:00:00+09:00",
        "symbol": "EUR/JPY",
        "side": "SHORT",
        "reason": "position_size_invalid"
      },
      {
        "signal_time": "2025-02-25 20:00:00+09:00",
        "entry_time": "2025-02-26 00:00:00+09:00",
        "symbol": "EUR/JPY",
        "side": "SHORT",
        "reason": "position_size_invalid"
      },
      {
        "signal_time": "2025-02-27 12:00:00+09:00",
        "entry_time": "2025-02-27 16:00:00+09:00",
        "symbol": "EUR/JPY",
        "side": "SHORT",
        "reason": "position_size_invalid"
      },
      {
        "signal_time": "2025-03-01 12:00:00+09:00",
        "entry_time": "2025-03-01 16:00:00+09:00",
        "symbol": "EUR/JPY",
        "side": "SHORT",
        "reason": "maintenance"
      },
      {
        "signal_time": "2025-03-03 20:00:00+09:00",
        "entry_time": "2025-03-04 00:00:00+09:00",
        "symbol": "EUR/JPY",
        "side": "SHORT",
        "reason": "position_size_invalid"
      },
      {
        "signal_time": "2025-03-05 00:00:00+09:00",
        "entry_time": "2025-03-05 04:00:00+09:00",
        "symbol": "EUR/JPY",
        "side": "LONG",
        "reason": "position_size_invalid"
      },
      {
        "signal_time": "2025-03-05 12:00:00+09:00",
        "entry_time": "2025-03-05 16:00:00+09:00",
        "symbol": "EUR/JPY",
        "side": "LONG",
        "reason": "position_size_invalid"
      },
      {
        "signal_time": "2025-03-08 12:00:00+09:00",
        "entry_time": "2025-03-08 16:00:00+09:00",
        "symbol": "EUR/JPY",
        "side": "LONG",
        "reason": "maintenance"
      },
      {
        "signal_time": "2025-03-11 20:00:00+09:00",
        "entry_time": "2025-03-12 00:00:00+09:00",
        "symbol": "EUR/JPY",
        "side": "LONG",
        "reason": "position_size_invalid"
      },
      {
        "signal_time": "2025-03-26 20:00:00+09:00",
        "entry_time": "2025-03-27 00:00:00+09:00",
        "symbol": "EUR/JPY",
        "side": "LONG",
        "reason": "position_size_invalid"
      },
      {
        "signal_time": "2025-03-27 08:00:00+09:00",
        "entry_time": "2025-03-27 12:00:00+09:00",
        "symbol": "EUR/JPY",
        "side": "LONG",
        "reason": "position_size_invalid"
      },
      {
        "signal_time": "2025-04-05 00:00:00+09:00",
        "entry_time": "2025-04-05 04:00:00+09:00",
        "symbol": "EUR/JPY",
        "side": "SHORT",
        "reason": "position_size_invalid"
      },
      {
        "signal_time": "2025-04-05 12:00:00+09:00",
        "entry_time": "2025-04-05 16:00:00+09:00",
        "symbol": "EUR/JPY",
        "side": "SHORT",
        "reason": "maintenance"
      },
      {
        "signal_time": "2025-04-09 00:00:00+09:00",
        "entry_time": "2025-04-09 04:00:00+09:00",
        "symbol": "EUR/JPY",
        "side": "SHORT",
        "reason": "position_size_invalid"
      },
      {
        "signal_time": "2025-04-10 12:00:00+09:00",
        "entry_time": "2025-04-10 16:00:00+09:00",
        "symbol": "EUR/JPY",
        "side": "LONG",
        "reason": "position_size_invalid"
      },
      {
        "signal_time": "2025-04-19 00:00:00+09:00",
        "entry_time": "2025-04-19 04:00:00+09:00",
        "symbol": "EUR/JPY",
        "side": "LONG",
        "reason": "position_size_invalid"
      },
      {
        "signal_time": "2025-04-21 20:00:00+09:00",
        "entry_time": "2025-04-22 00:00:00+09:00",
        "symbol": "EUR/JPY",
        "side": "LONG",
        "reason": "position_size_invalid"
      },
      {
        "signal_time": "2025-04-25 08:00:00+09:00",
        "entry_time": "2025-04-25 12:00:00+09:00",
        "symbol": "EUR/JPY",
        "side": "LONG",
        "reason": "position_size_invalid"
      },
      {
        "signal_time": "2025-05-24 04:00:00+09:00",
        "entry_time": "2025-05-24 08:00:00+09:00",
        "symbol": "EUR/JPY",
        "side": "SHORT",
        "reason": "position_size_invalid"
      },
      {
        "signal_time": "2025-05-30 04:00:00+09:00",
        "entry_time": "2025-05-30 08:00:00+09:00",
        "symbol": "EUR/JPY",
        "side": "LONG",
        "reason": "position_size_invalid"
      },
      {
        "signal_time": "2025-05-31 08:00:00+09:00",
        "entry_time": "2025-05-31 12:00:00+09:00",
        "symbol": "EUR/JPY",
        "side": "LONG",
        "reason": "maintenance"
      },
      {
        "signal_time": "2025-07-24 08:00:00+09:00",
        "entry_time": "2025-07-24 12:00:00+09:00",
        "symbol": "EUR/JPY",
        "side": "LONG",
        "reason": "position_size_invalid"
      },
      {
        "signal_time": "2025-07-26 00:00:00+09:00",
        "entry_time": "2025-07-26 04:00:00+09:00",
        "symbol": "EUR/JPY",
        "side": "LONG",
        "reason": "position_size_invalid"
      },
      {
        "signal_time": "2025-10-22 04:00:00+09:00",
        "entry_time": "2025-10-22 08:00:00+09:00",
        "symbol": "EUR/JPY",
        "side": "LONG",
        "reason": "position_size_invalid"
      },
      {
        "signal_time": "2025-11-29 08:00:00+09:00",
        "entry_time": "2025-11-29 12:00:00+09:00",
        "symbol": "EUR/JPY",
        "side": "LONG",
        "reason": "maintenance"
      },
      {
        "signal_time": "2026-01-26 12:00:00+09:00",
        "entry_time": "2026-01-26 16:00:00+09:00",
        "symbol": "EUR/JPY",
        "side": "SHORT",
        "reason": "position_size_invalid"
      },
      {
        "signal_time": "2026-01-28 20:00:00+09:00",
        "entry_time": "2026-01-29 00:00:00+09:00",
        "symbol": "EUR/JPY",
        "side": "SHORT",
        "reason": "position_size_invalid"
      },
      {
        "signal_time": "2026-01-29 12:00:00+09:00",
        "entry_time": "2026-01-29 16:00:00+09:00",
        "symbol": "EUR/JPY",
        "side": "SHORT",
        "reason": "position_size_invalid"
      }
    ]
  }
}