signal_time,entry_time,symbol,side,reason
2025-01-10 20:00:00+09:00,2025-01-11 04:00:00+09:00,EUR/JPY,LONG,position_size_invalid
2025-01-27 20:00:00+09:00,2025-01-28 04:00:00+09:00,EUR/JPY,LONG,position_size_invalid
2025-01-29 04:00:00+09:00,2025-01-29 12:00:00+09:00,EUR/JPY,SHORT,position_size_invalid
2025-02-05 12:00:00+09:00,2025-02-05 20:00:00+09:00,EUR/JPY,SHORT,position_size_invalid
2025-02-22 04:00:00+09:00,2025-02-22 12:00:00+09:00,EUR/JPY,SHORT,maintenance
2025-02-25 20:00:00+09:00,2025-02-26 04:00:00+09:00,EUR/JPY,SHORT,position_size_invalid
2025-02-27 12:00:00+09:00,2025-02-27 20:00:00+09:00,EUR/JPY,SHORT,position_size_invalid
2025-03-01 12:00:00+09:00,2025-03-03 16:00:00+09:00,EUR/JPY,SHORT,position_size_invalid
2025-03-03 20:00:00+09:00,2025-03-04 04:00:00+09:00,EUR/JPY,SHORT,position_size_invalid
2025-03-05 12:00:00+09:00,2025-03-05 20:00:00+09:00,EUR/JPY,LONG,position_size_invalid
2025-03-08 12:00:00+09:00,2025-03-10 16:00:00+09:00,EUR/JPY,LONG,position_size_invalid
2025-03-11 20:00:00+09:00,2025-03-12 04:00:00+09:00,EUR/JPY,LONG,position_size_invalid
2025-03-26 20:00:00+09:00,2025-03-27 04:00:00+09:00,EUR/JPY,LONG,position_size_invalid
2025-03-27 08:00:00+09:00,2025-03-27 16:00:00+09:00,EUR/JPY,LONG,position_size_invalid
2025-04-03 00:00:00+09:00,2025-04-03 08:00:00+09:00,EUR/JPY,SHORT,position_size_invalid
2025-04-04 00:00:00+09:00,2025-04-04 08:00:00+09:00,EUR/JPY,LONG,position_size_invalid
2025-04-05 00:00:00+09:00,2025-04-05 08:00:00+09:00,EUR/JPY,SHORT,position_size_invalid
2025-04-05 12:00:00+09:00,2025-04-07 16:00:00+09:00,EUR/JPY,SHORT,position_size_invalid
2025-04-09 00:00:00+09:00,2025-04-09 08:00:00+09:00,EUR/JPY,SHORT,position_size_invalid
2025-04-10 00:00:00+09:00,2025-04-10 08:00:00+09:00,EUR/JPY,SHORT,position_size_invalid
2025-04-10 12:00:00+09:00,2025-04-10 20:00:00+09:00,EUR/JPY,LONG,position_size_invalid
2025-04-17 12:00:00+09:00,2025-04-17 20:00:00+09:00,EUR/JPY,SHORT,position_size_invalid
2025-04-18 04:00:00+09:00,2025-04-18 12:00:00+09:00,EUR/JPY,SHORT,position_size_invalid
2025-04-19 00:00:00+09:00,2025-04-19 08:00:00+09:00,EUR/JPY,LONG,position_size_invalid
2025-04-21 20:00:00+09:00,2025-04-22 04:00:00+09:00,EUR/JPY,LONG,position_size_invalid
2025-04-25 08:00:00+09:00,2025-04-25 16:00:00+09:00,EUR/JPY,LONG,position_size_invalid
2025-05-01 04:00:00+09:00,2025-05-01 12:00:00+09:00,EUR/JPY,SHORT,position_size_invalid
2025-05-08 08:00:00+09:00,2025-05-08 16:00:00+09:00,EUR/JPY,SHORT,position_size_invalid
2025-05-08 20:00:00+09:00,2025-05-09 04:00:00+09:00,EUR/JPY,LONG,position_size_invalid
2025-05-20 08:00:00+09:00,2025-05-20 16:00:00+09:00,EUR/JPY,SHORT,position_size_invalid
2025-05-20 20:00:00+09:00,2025-05-21 04:00:00+09:00,EUR/JPY,SHORT,position_size_invalid
2025-05-21 16:00:00+09:00,2025-05-22 00:00:00+09:00,EUR/JPY,SHORT,position_size_invalid
2025-05-21 20:00:00+09:00,2025-05-22 04:00:00+09:00,EUR/JPY,SHORT,position_size_invalid
2025-05-22 16:00:00+09:00,2025-05-23 00:00:00+09:00,EUR/JPY,SHORT,position_size_invalid
2025-05-24 04:00:00+09:00,2025-05-24 12:00:00+09:00,EUR/JPY,SHORT,maintenance
2025-05-30 04:00:00+09:00,2025-05-30 12:00:00+09:00,EUR/JPY,LONG,position_size_invalid
2025-05-31 08:00:00+09:00,2025-05-31 16:00:00+09:00,EUR/JPY,LONG,maintenance
2025-06-03 16:00:00+09:00,2025-06-04 00:00:00+09:00,EUR/JPY,LONG,position_size_invalid
2025-06-25 08:00:00+09:00,2025-06-25 16:00:00+09:00,EUR/JPY,LONG,position_size_invalid
2025-07-03 16:00:00+09:00,2025-07-04 00:00:00+09:00,EUR/JPY,LONG,position_size_invalid
2025-07-07 20:00:00+09:00,2025-07-08 04:00:00+09:00,EUR/JPY,LONG,position_size_invalid
2025-07-15 00:00:00+09:00,2025-07-15 08:00:00+09:00,EUR/JPY,LONG,position_size_invalid
2025-07-24 08:00:00+09:00,2025-07-24 16:00:00+09:00,EUR/JPY,LONG,position_size_invalid
2025-07-26 00:00:00+09:00,2025-07-26 08:00:00+09:00,EUR/JPY,LONG,position_size_invalid
2025-08-08 12:00:00+09:00,2025-08-08 20:00:00+09:00,EUR/JPY,LONG,position_size_invalid
2025-08-14 08:00:00+09:00,2025-08-14 16:00:00+09:00,EUR/JPY,LONG,position_size_invalid
2025-08-19 20:00:00+09:00,2025-08-20 04:00:00+09:00,EUR/JPY,LONG,position_size_invalid
2025-08-23 00:00:00+09:00,2025-08-23 08:00:00+09:00,EUR/JPY,LONG,position_size_invalid
2025-08-28 00:00:00+09:00,2025-08-28 08:00:00+09:00,EUR/JPY,SHORT,position_size_invalid
2025-09-04 20:00:00+09:00,2025-09-05 04:00:00+09:00,EUR/JPY,LONG,position_size_invalid
2025-09-05 04:00:00+09:00,2025-09-05 12:00:00+09:00,EUR/JPY,LONG,position_size_invalid
2025-10-22 04:00:00+09:00,2025-10-22 12:00:00+09:00,EUR/JPY,LONG,position_size_invalid
2025-10-22 20:00:00+09:00,2025-10-23 04:00:00+09:00,EUR/JPY,LONG,position_size_invalid
2025-10-30 04:00:00+09:00,2025-10-30 12:00:00+09:00,EUR/JPY,LONG,position_size_invalid
2025-11-04 00:00:00+09:00,2025-11-04 08:00:00+09:00,EUR/JPY,LONG,position_size_invalid
2025-11-26 08:00:00+09:00,2025-11-26 16:00:00+09:00,EUR/JPY,LONG,position_size_invalid
2025-11-29 08:00:00+09:00,2025-11-29 16:00:00+09:00,EUR/JPY,LONG,maintenance
2025-12-24 04:00:00+09:00,2025-12-24 12:00:00+09:00,EUR/JPY,LONG,position_size_invalid
2025-12-24 12:00:00+09:00,2025-12-24 20:00:00+09:00,EUR/JPY,LONG,position_size_invalid
2025-12-26 08:00:00+09:00,2025-12-26 16:00:00+09:00,EUR/JPY,LONG,position_size_invalid
2025-12-27 00:00:00+09:00,2025-12-27 08:00:00+09:00,EUR/JPY,LONG,position_size_invalid
2025-12-31 08:00:00+09:00,2025-12-31 16:00:00+09:00,EUR/JPY,LONG,position_size_invalid
2026-01-12 12:00:00+09:00,2026-01-12 20:00:00+09:00,EUR/JPY,LONG,position_size_invalid
2026-01-24 12:00:00+09:00,2026-01-24 20:00:00+09:00,EUR/JPY,SHORT,position_size_invalid
2026-01-24 16:00:00+09:00,2026-01-25 00:00:00+09:00,EUR/JPY,SHORT,position_size_invalid
2026-01-24 20:00:00+09:00,2026-01-25 04:00:00+09:00,EUR/JPY,SHORT,position_size_invalid
2026-01-26 12:00:00+09:00,2026-01-26 20:00:00+09:00,EUR/JPY,SHORT,position_size_invalid
2026-01-28 20:00:00+09:00,2026-01-29 04:00:00+09:00,EUR/JPY,SHORT,position_size_invalid
2026-01-29 12:00:00+09:00,2026-01-29 20:00:00+09:00,EUR/JPY,SHORT,position_size_invalid
2026-02-06 20:00:00+09:00,2026-02-07 04:00:00+09:00,EUR/JPY,LONG,position_size_invalid
