{
  "start_date": "2025-01-01",
  "end_date": "2026-02-14",
  "initial_equity": 100000.0,
  "final_equity": 100980.1877122071,
  "total_trades": 3,
  "wins": 2,
  "losses": 1,
  "win_rate": 0.6666666666666666,
  "total_pnl_gross": 1016.187712207099,
  "total_pnl_net": 980.187712207099,
  "total_cost": 36.0,
  "pf_gross": 3.2596730927501634,
  "pf_net": 3.122971105627948,
  "avg_win_net": 720.9466712004305,
  "avg_loss_net": -461.70563019376186,
  "expectancy_net": 326.7292374023664,
  "avg_r_multiple": 0.799782493516064,
  "max_drawdown_close_based": 0.004617056301937555,
  "per_symbol": {
    "EUR/JPY": {
      "count": 3,
      "total_pnl_net": 980.187712207099,
      "win_rate": 0.6666666666666666,
      "avg_pnl_net": 326.7292374023663,
      "avg_win": 720.9466712004305,
      "avg_loss": -461.70563019376186
    }
  },
  "per_side": {
    "LONG": {
      "count": 3,
      "total_pnl_net": 980.187712207099,
      "win_rate": 0.6666666666666666,
      "avg_pnl_net": 326.7292374023663,
      "avg_win": 720.9466712004305,
      "avg_loss": -461.70563019376186
    }
  },
  "per_exit_reason": {
    "SL": {
      "count": 1,
      "total_pnl_net": -461.70563019376186,
      "win_rate": 0.0,
      "avg_pnl_net": -461.70563019376186,
      "avg_win": 0.0,
      "avg_loss": -461.70563019376186
    },
    "TP2": {
      "count": 2,
      "total_pnl_net": 1441.893342400861,
      "win_rate": 1.0,
      "avg_pnl_net": 720.9466712004305,
      "avg_win": 720.9466712004305,
      "avg_loss": 0.0
    }
  },
  "risk_violations_count": 0,
  "risk_violations": [],
  "monthly_returns": [
    {
      "month": "2025-12",
      "trades": 3,
      "pnl_net": 980.187712207099,
      "equity": 100980.1877122071,
      "return_pct": 0.9801877122070991
    }
  ],
  "stats": {
    "total_signals": 73,
    "executed_trades": 3,
    "skipped_signals": 70,
    "maintenance_skips": 4,
    "spread_filter_skips": 0,
    "position_size_skips": 66,
    "skipped_details": [
      {
        "signal_time": "2025-01-10 20:00:00+09:00",
        "entry_time": "2025-01-11 04:00:00+09:00",
        "symbol": "EUR/JPY",
        "side": "LONG",
        "reason": "position_size_invalid"
      },
      {
        "signal_time": "2025-01-27 20:00:00+09:00",
        "entry_time": "2025-01-28 04:00:00+09:00",
        "symbol": "EUR/JPY",
        "side": "LONG",
        "reason": "position_size_invalid"
      },
      {
        "signal_time": "2025-01-29 04:00:00+09:00",
        "entry_time": "2025-01-29 12:00:00+09:00",
        "symbol": "EUR/JPY",
        "side": "SHORT",
        "reason": "position_size_invalid"
      },
      {
        "signal_time": "2025-02-05 12:00:00+09:00",
        "entry_time": "2025-02-05 20:00:00+09:00",
        "symbol": "EUR/JPY",
        "side": "SHORT",
        "reason": "position_size_invalid"
      },
      {
        "signal_time": "2025-02-22 04:00:00+09:00",
        "entry_time": "2025-02-22 12:00:00+09:00",
        "symbol": "EUR/JPY",
        "side": "SHORT",
        "reason": "maintenance"
      },
      {
        "signal_time": "2025-02-25 20:00:00+09:00",
        "entry_time": "2025-02-26 04:00:00+09:00",
        "symbol": "EUR/JPY",
        "side": "SHORT",
        "reason": "position_size_invalid"
      },
      {
        "signal_time": "2025-02-27 12:00:00+09:00",
        "entry_time": "2025-02-27 20:00:00+09:00",
        "symbol": "EUR/JPY",
        "side": "SHORT",
        "reason": "position_size_invalid"
      },
      {
        "signal_time": "2025-03-01 12:00:00+09:00",
        "entry_time": "2025-03-03 16:00:00+09:00",
        "symbol": "EUR/JPY",
        "side": "SHORT",
        "reason": "position_size_invalid"
      },
      {
        "signal_time": "2025-03-03 20:00:00+09:00",
        "entry_time": "2025-03-04 04:00:00+09:00",
        "symbol": "EUR/JPY",
        "side": "SHORT",
        "reason": "position_size_invalid"
      },
      {
        "signal_time": "2025-03-05 12:00:00+09:00",
        "entry_time": "2025-03-05 20:00:00+09:00",
        "symbol": "EUR/JPY",
        "side": "LONG",
        "reason": "position_size_invalid"
      },
      {
        "signal_time": "2025-03-08 12:00:00+09:00",
        "entry_time": "2025-03-10 16:00:00+09:00",
        "symbol": "EUR/JPY",
        "side": "LONG",
        "reason": "position_size_invalid"
      },
      {
        "signal_time": "2025-03-11 20:00:00+09:00",
        "entry_time": "2025-03-12 04:00:00+09:00",
        "symbol": "EUR/JPY",
        "side": "LONG",
        "reason": "position_size_invalid"
      },
      {
        "signal_time": "2025-03-26 20:00:00+09:00",
        "entry_time": "2025-03-27 04:00:00+09:00",
        "symbol": "EUR/JPY",
        "side": "LONG",
        "reason": "position_size_invalid"
      },
      {
        "signal_time": "2025-03-27 08:00:00+09:00",
        "entry_time": "2025-03-27 16:00:00+09:00",
        "symbol": "EUR/JPY",
        "side": "LONG",
        "reason": "position_size_invalid"
      },
      {
        "signal_time": "2025-04-03 00:00:00+09:00",
        "entry_time": "2025-04-03 08:00:00+09:00",
        "symbol": "EUR/JPY",
        "side": "SHORT",
        "reason": "position_size_invalid"
      },
      {
        "signal_time": "2025-04-04 00:00:00+09:00",
        "entry_time": "2025-04-04 08:00:00+09:00",
        "symbol": "EUR/JPY",
        "side": "LONG",
        "reason": "position_size_invalid"
      },
      {
        "signal_time": "2025-04-05 00:00:00+09:00",
        "entry_time": "2025-04-05 08:00:00+09:00",
        "symbol": "EUR/JPY",
        "side": "SHORT",
        "reason": "position_size_invalid"
      },
      {
        "signal_time": "2025-04-05 12:00:00+09:00",
        "entry_time": "2025-04-07 16:00:00+09:00",
        "symbol": "EUR/JPY",
        "side": "SHORT",
        "reason": "position_size_invalid"
      },
      {
        "signal_time": "2025-04-09 00:00:00+09:00",
        "entry_time": "2025-04-09 08:00:00+09:00",
        "symbol": "EUR/JPY",
        "side": "SHORT",
        "reason": "position_size_invalid"
      },
      {
        "signal_time": "2025-04-10 00:00:00+09:00",
        "entry_time": "2025-04-10 08:00:00+09:00",
        "symbol": "EUR/JPY",
        "side": "SHORT",
        "reason": "position_size_invalid"
      },
      {
        "signal_time": "2025-04-10 12:00:00+09:00",
        "entry_time": "2025-04-10 20:00:00+09:00",
        "symbol": "EUR/JPY",
        "side": "LONG",
        "reason": "position_size_invalid"
      },
      {
        "signal_time": "2025-04-17 12:00:00+09:00",
        "entry_time": "2025-04-17 20:00:00+09:00",
        "symbol": "EUR/JPY",
        "side": "SHORT",
        "reason": "position_size_invalid"
      },
      {
        "signal_time": "2025-04-18 04:00:00+09:00",
        "entry_time": "2025-04-18 12:00:00+09:00",
        "symbol": "EUR/JPY",
        "side": "SHORT",
        "reason": "position_size_invalid"
      },
      {
        "signal_time": "2025-04-19 00:00:00+09:00",
        "entry_time": "2025-04-19 08:00:00+09:00",
        "symbol": "EUR/JPY",
        "side": "LONG",
        "reason": "position_size_invalid"
      },
      {
        "signal_time": "2025-04-21 20:00:00+09:00",
        "entry_time": "2025-04-22 04:00:00+09:00",
        "symbol": "EUR/JPY",
        "side": "LONG",
        "reason": "position_size_invalid"
      },
      {
        "signal_time": "2025-04-25 08:00:00+09:00",
        "entry_time": "2025-04-25 16:00:00+09:00",
        "symbol": "EUR/JPY",
        "side": "LONG",
        "reason": "position_size_invalid"
      },
      {
        "signal_time": "2025-05-01 04:00:00+09:00",
        "entry_time": "2025-05-01 12:00:00+09:00",
        "symbol": "EUR/JPY",
        "side": "SHORT",
        "reason": "position_size_invalid"
      },
      {
        "signal_time": "2025-05-08 08:00:00+09:00",
        "entry_time": "2025-05-08 16:00:00+09:00",
        "symbol": "EUR/JPY",
        "side": "SHORT",
        "reason": "position_size_invalid"
      },
      {
        "signal_time": "2025-05-08 20:00:00+09:00",
        "entry_time": "2025-05-09 04:00:00+09:00",
        "symbol": "EUR/JPY",
        "side": "LONG",
        "reason": "position_size_invalid"
      },
      {
        "signal_time": "2025-05-20 08:00:00+09:00",
        "entry_time": "2025-05-20 16:00:00+09:00",
        "symbol": "EUR/JPY",
        "side": "SHORT",
        "reason": "position_size_invalid"
      },
      {
        "signal_time": "2025-05-20 20:00:00+09:00",
        "entry_time": "2025-05-21 04:00:00+09:00",
        "symbol": "EUR/JPY",
        "side": "SHORT",
        "reason": "position_size_invalid"
      },
      {
        "signal_time": "2025-05-21 16:00:00+09:00",
        "entry_time": "2025-05-22 00:00:00+09:00",
        "symbol": "EUR/JPY",
        "side": "SHORT",
        "reason": "position_size_invalid"
      },
      {
        "signal_time": "2025-05-21 20:00:00+09:00",
        "entry_time": "2025-05-22 04:00:00+09:00",
        "symbol": "EUR/JPY",
        "side": "SHORT",
        "reason": "position_size_invalid"
      },
      {
        "signal_time": "2025-05-22 16:00:00+09:00",
        "entry_time": "2025-05-23 00:00:00+09:00",
        "symbol": "EUR/JPY",
        "side": "SHORT",
        "reason": "position_size_invalid"
      },
      {
        "signal_time": "2025-05-24 04:00:00+09:00",
        "entry_time": "2025-05-24 12:00:00+09:00",
        "symbol": "EUR/JPY",
        "side": "SHORT",
        "reason": "maintenance"
      },
      {
        "signal_time": "2025-05-30 04:00:00+09:00",
        "entry_time": "2025-05-30 12:00:00+09:00",
        "symbol": "EUR/JPY",
        "side": "LONG",
        "reason": "position_size_invalid"
      },
      {
        "signal_time": "2025-05-31 08:00:00+09:00",
        "entry_time": "2025-05-31 16:00:00+09:00",
        "symbol": "EUR/JPY",
        "side": "LONG",
        "reason": "maintenance"
      },
      {
        "signal_time": "2025-06-03 16:00:00+09:00",
        "entry_time": "2025-06-04 00:00:00+09:00",
        "symbol": "EUR/JPY",
        "side": "LONG",
        "reason": "position_size_invalid"
      },
      {
        "signal_time": "2025-06-25 08:00:00+09:00",
        "entry_time": "2025-06-25 16:00:00+09:00",
        "symbol": "EUR/JPY",
        "side": "LONG",
        "reason": "position_size_invalid"
      },
      {
        "signal_time": "2025-07-03 16:00:00+09:00",
        "entry_time": "2025-07-04 00:00:00+09:00",
        "symbol": "EUR/JPY",
        "side": "LONG",
        "reason": "position_size_invalid"
      },
      {
        "signal_time": "2025-07-07 20:00:00+09:00",
        "entry_time": "2025-07-08 04:00:00+09:00",
        "symbol": "EUR/JPY",
        "side": "LONG",
        "reason": "position_size_invalid"
      },
      {
        "signal_time": "2025-07-15 00:00:00+09:00",
        "entry_time": "2025-07-15 08:00:00+09:00",
        "symbol": "EUR/JPY",
        "side": "LONG",
        "reason": "position_size_invalid"
      },
      {
        "signal_time": "2025-07-24 08:00:00+09:00",
        "entry_time": "2025-07-24 16:00:00+09:00",
        "symbol": "EUR/JPY",
        "side": "LONG",
        "reason": "position_size_invalid"
      },
      {
        "signal_time": "2025-07-26 00:00:00+09:00",
        "entry_time": "2025-07-26 08:00:00+09:00",
        "symbol": "EUR/JPY",
        "side": "LONG",
        "reason": "position_size_invalid"
      },
      {
        "signal_time": "2025-08-08 12:00:00+09:00",
        "entry_time": "2025-08-08 20:00:00+09:00",
        "symbol": "EUR/JPY",
        "side": "LONG",
        "reason": "position_size_invalid"
      },
      {
        "signal_time": "2025-08-14 08:00:00+09:00",
        "entry_time": "2025-08-14 16:00:00+09:00",
        "symbol": "EUR/JPY",
        "side": "LONG",
        "reason": "position_size_invalid"
      },
      {
        "signal_time": "2025-08-19 20:00:00+09:00",
        "entry_time": "2025-08-20 04:00:00+09:00",
        "symbol": "EUR/JPY",
        "side": "LONG",
        "reason": "position_size_invalid"
      },
      {
        "signal_time": "2025-08-23 00:00:00+09:00",
        "entry_time": "2025-08-23 08:00:00+09:00",
        "symbol": "EUR/JPY",
        "side": "LONG",
        "reason": "position_size_invalid"
      },
      {
        "signal_time": "2025-08-28 00:00:00+09:00",
        "entry_time": "2025-08-28 08:00:00+09:00",
        "symbol": "EUR/JPY",
        "side": "SHORT",
        "reason": "position_size_invalid"
      },
      {
        "signal_time": "2025-09-04 20:00:00+09:00",
        "entry_time": "2025-09-05 04:00:00+09:00",
        "symbol": "EUR/JPY",
        "side": "LONG",
        "reason": "position_size_invalid"
      },
      {
        "signal_time": "2025-09-05 04:00:00+09:00",
        "entry_time": "2025-09-05 12:00:00+09:00",
        "symbol": "EUR/JPY",
        "side": "LONG",
        "reason": "position_size_invalid"
      },
      {
        "signal_time": "2025-10-22 04:00:00+09:00",
        "entry_time": "2025-10-22 12:00:00+09:00",
        "symbol": "EUR/JPY",
        "side": "LONG",
        "reason": "position_size_invalid"
      },
      {
        "signal_time": "2025-10-22 20:00:00+09:00",
        "entry_time": "2025-10-23 04:00:00+09:00",
        "symbol": "EUR/JPY",
        "side": "LONG",
        "reason": "position_size_invalid"
      },
      {
        "signal_time": "2025-10-30 04:00:00+09:00",
        "entry_time": "2025-10-30 12:00:00+09:00",
        "symbol": "EUR/JPY",
        "side": "LONG",
        "reason": "position_size_invalid"
      },
      {
        "signal_time": "2025-11-04 00:00:00+09:00",
        "entry_time": "2025-11-04 08:00:00+09:00",
        "symbol": "EUR/JPY",
        "side": "LONG",
        "reason": "position_size_invalid"
      },
      {
        "signal_time": "2025-11-26 08:00:00+09:00",
        "entry_time": "2025-11-26 16:00:00+09:00",
        "symbol": "EUR/JPY",
        "side": "LONG",
        "reason": "position_size_invalid"
      },
      {
        "signal_time": "2025-11-29 08:00:00+09:00",
        "entry_time": "2025-11-29 16:00:00+09:00",
        "symbol": "EUR/JPY",
        "side": "LONG",
        "reason": "maintenance"
      },
      {
        "signal_time": "2025-12-24 04:00:00+09:00",
        "entry_time": "2025-12-24 12:00:00+09:00",
        "symbol": "EUR/JPY",
        "side": "LONG",
        "reason": "position_size_invalid"
      },
      {
        "signal_time": "2025-12-24 12:00:00+09:00",
        "entry_time": "2025-12-24 20:00:00+09:00",
        "symbol": "EUR/JPY",
        "side": "LONG",
        "reason": "position_size_invalid"
      },
      {
        "signal_time": "2025-12-26 08:00:00+09:00",
        "entry_time": "2025-12-26 16:00:00+09:00",
        "symbol": "EUR/JPY",
        "side": "LONG",
        "reason": "position_size_invalid"
      },
      {
        "signal_time": "2025-12-27 00:00:00+09:00",
        "entry_time": "2025-12-27 08:00:00+09:00",
        "symbol": "EUR/JPY",
        "side": "LONG",
        "reason": "position_size_invalid"
      },
      {
        "signal_time": "2025-12-31 08:00:00+09:00",
        "entry_time": "2025-12-31 16:00:00+09:00",
        "symbol": "EUR/JPY",
        "side": "LONG",
        "reason": "position_size_invalid"
      },
      {
        "signal_time": "2026-01-12 12:00:00+09:00",
        "entry_time": "2026-01-12 20:00:00+09:00",
        "symbol": "EUR/JPY",
        "side": "LONG",
        "reason": "position_size_invalid"
      },
      {
        "signal_time": "2026-01-24 12:00:00+09:00",
        "entry_time": "2026-01-24 20:00:00+09:00",
        "symbol": "EUR/JPY",
        "side": "SHORT",
        "reason": "position_size_invalid"
      },
      {
        "signal_time": "2026-01-24 16:00:00+09:00",
        "entry_time": "2026-01-25 00:00:00+09:00",
        "symbol": "EUR/JPY",
        "side": "SHORT",
        "reason": "position_size_invalid"
      },
      {
        "signal_time": "2026-01-24 20:00:00+09:00",
        "entry_time": "2026-01-25 04:00:00+09:00",
        "symbol": "EUR/JPY",
        "side": "SHORT",
        "reason": "position_size_invalid"
      },
      {
        "signal_time": "2026-01-26 12:00:00+09:00",
        "entry_time": "2026-01-26 20:00:00+09:00",
        "symbol": "EUR/JPY",
        "side": "SHORT",
        "reason": "position_size_invalid"
      },
      {
        "signal_time": "2026-01-28 20:00:00+09:00",
        "entry_time": "2026-01-29 04:00:00+09:00",
        "symbol": "EUR/JPY",
        "side": "SHORT",
        "reason": "position_size_invalid"
      },
      {
        "signal_time": "2026-01-29 12:00:00+09:00",
        "entry_time": "2026-01-29 20:00:00+09:00",
        "symbol": "EUR/JPY",
        "side": "SHORT",
        "reason": "position_size_invalid"
      },
      {
        "signal_time": "2026-02-06 20:00:00+09:00",
        "entry_time": "2026-02-07 04:00:00+09:00",
        "symbol": "EUR/JPY",
        "side": "LONG",
        "reason": "position_size_invalid"
      }
    ]
  }
}