signal_time,entry_time,symbol,side,reason
2025-01-22 04:00:00+09:00,2025-01-22 08:00:00+09:00,GBP/JPY,SHORT,position_size_invalid
2025-01-29 04:00:00+09:00,2025-01-29 08:00:00+09:00,GBP/JPY,SHORT,position_size_invalid
2025-02-01 16:00:00+09:00,2025-02-03 16:00:00+09:00,GBP/JPY,SHORT,limit_expired (192.563)
2025-02-05 12:00:00+09:00,2025-02-05 16:00:00+09:00,GBP/JPY,SHORT,position_size_invalid
2025-02-18 00:00:00+09:00,2025-02-18 04:00:00+09:00,GBP/JPY,LONG,position_size_invalid
2025-02-22 04:00:00+09:00,2025-02-22 08:00:00+09:00,GBP/JPY,SHORT,limit_expired (190.421)
2025-02-25 20:00:00+09:00,2025-02-26 00:00:00+09:00,GBP/JPY,SHORT,limit_expired (189.506)
2025-02-27 12:00:00+09:00,2025-02-27 16:00:00+09:00,GBP/JPY,SHORT,limit_expired (189.271)
2025-02-27 16:00:00+09:00,2025-02-27 20:00:00+09:00,GBP/JPY,SHORT,limit_expired (189.230)
2025-03-01 12:00:00+09:00,2025-03-01 16:00:00+09:00,GBP/JPY,SHORT,maintenance (limit fill)
2025-03-03 20:00:00+09:00,2025-03-04 00:00:00+09:00,GBP/JPY,SHORT,position_size_invalid
2025-03-05 00:00:00+09:00,2025-03-05 04:00:00+09:00,GBP/JPY,LONG,position_size_invalid
2025-04-04 00:00:00+09:00,2025-04-04 04:00:00+09:00,GBP/JPY,LONG,position_size_invalid
2025-04-11 00:00:00+09:00,2025-04-11 04:00:00+09:00,GBP/JPY,SHORT,position_size_invalid
2025-04-17 04:00:00+09:00,2025-04-17 08:00:00+09:00,GBP/JPY,SHORT,position_size_invalid
2025-04-22 16:00:00+09:00,2025-04-22 20:00:00+09:00,GBP/JPY,SHORT,limit_expired (188.677)
2025-05-20 16:00:00+09:00,2025-05-20 20:00:00+09:00,GBP/JPY,LONG,position_size_invalid
2025-05-21 08:00:00+09:00,2025-05-21 12:00:00+09:00,GBP/JPY,LONG,position_size_invalid
2025-05-22 08:00:00+09:00,2025-05-22 12:00:00+09:00,GBP/JPY,LONG,position_size_invalid
2025-05-30 12:00:00+09:00,2025-05-30 16:00:00+09:00,GBP/JPY,LONG,position_size_invalid
2025-06-11 20:00:00+09:00,2025-06-12 00:00:00+09:00,GBP/JPY,LONG,position_size_invalid
2025-06-13 08:00:00+09:00,2025-06-13 12:00:00+09:00,GBP/JPY,LONG,position_size_invalid
2025-07-01 04:00:00+09:00,2025-07-01 08:00:00+09:00,GBP/JPY,LONG,position_size_invalid
2025-07-11 16:00:00+09:00,2025-07-11 20:00:00+09:00,GBP/JPY,LONG,position_size_invalid
2025-07-15 04:00:00+09:00,2025-07-15 08:00:00+09:00,GBP/JPY,LONG,position_size_invalid
2025-09-18 08:00:00+09:00,2025-09-18 12:00:00+09:00,GBP/JPY,LONG,intra_bar_sl_hit (conservative skip)
2025-09-18 20:00:00+09:00,2025-09-19 00:00:00+09:00,GBP/JPY,LONG,limit_expired (200.035)
2025-09-26 20:00:00+09:00,2025-09-27 00:00:00+09:00,GBP/JPY,LONG,limit_expired (199.804)
2025-10-11 00:00:00+09:00,2025-10-11 04:00:00+09:00,GBP/JPY,LONG,position_size_invalid
2025-10-13 16:00:00+09:00,2025-10-13 20:00:00+09:00,GBP/JPY,LONG,position_size_invalid
2025-10-16 12:00:00+09:00,2025-10-16 16:00:00+09:00,GBP/JPY,LONG,position_size_invalid
2025-10-16 20:00:00+09:00,2025-10-17 00:00:00+09:00,GBP/JPY,LONG,limit_expired (202.414)
2025-10-18 16:00:00+09:00,2025-10-20 16:00:00+09:00,GBP/JPY,LONG,limit_expired (202.133)
2025-10-21 16:00:00+09:00,2025-10-21 20:00:00+09:00,GBP/JPY,LONG,position_size_invalid
2025-10-23 04:00:00+09:00,2025-10-23 08:00:00+09:00,GBP/JPY,LONG,position_size_invalid
2025-10-31 20:00:00+09:00,2025-11-01 00:00:00+09:00,GBP/JPY,LONG,position_size_invalid
2025-11-01 08:00:00+09:00,2025-11-01 12:00:00+09:00,GBP/JPY,LONG,maintenance (limit fill)
2025-11-04 08:00:00+09:00,2025-11-04 12:00:00+09:00,GBP/JPY,LONG,limit_expired (202.385)
2025-11-06 20:00:00+09:00,2025-11-07 00:00:00+09:00,GBP/JPY,SHORT,limit_expired (201.227)
2025-11-29 08:00:00+09:00,2025-11-29 12:00:00+09:00,GBP/JPY,LONG,limit_expired (206.389)
2025-12-03 12:00:00+09:00,2025-12-03 16:00:00+09:00,GBP/JPY,LONG,position_size_invalid
2025-12-04 00:00:00+09:00,2025-12-04 04:00:00+09:00,GBP/JPY,LONG,limit_expired (205.938)
2025-12-19 16:00:00+09:00,2025-12-19 20:00:00+09:00,GBP/JPY,LONG,limit_expired (207.944)
2026-01-07 16:00:00+09:00,2026-01-07 20:00:00+09:00,GBP/JPY,LONG,limit_expired (211.316)
2026-01-12 08:00:00+09:00,2026-01-12 12:00:00+09:00,GBP/JPY,LONG,intra_bar_sl_hit (conservative skip)
2026-01-15 12:00:00+09:00,2026-01-15 16:00:00+09:00,GBP/JPY,LONG,position_size_invalid
2026-01-16 00:00:00+09:00,2026-01-16 04:00:00+09:00,GBP/JPY,LONG,position_size_invalid
