signal_time,entry_time,symbol,side,reason
2025-01-22 08:00:00+09:00,2025-01-22 12:00:00+09:00,EUR/JPY,LONG,limit_expired (161.164)
2025-01-27 20:00:00+09:00,2025-01-28 00:00:00+09:00,EUR/JPY,LONG,limit_expired (162.773)
2025-02-01 16:00:00+09:00,2025-02-03 16:00:00+09:00,EUR/JPY,SHORT,limit_expired (161.246)
2025-02-05 12:00:00+09:00,2025-02-05 16:00:00+09:00,EUR/JPY,SHORT,limit_expired (160.352)
2025-02-18 00:00:00+09:00,2025-02-18 04:00:00+09:00,EUR/JPY,LONG,position_size_invalid
2025-02-25 20:00:00+09:00,2025-02-26 00:00:00+09:00,EUR/JPY,SHORT,limit_expired (157.083)
2025-03-01 12:00:00+09:00,2025-03-01 16:00:00+09:00,EUR/JPY,SHORT,limit_expired (156.481)
2025-03-03 20:00:00+09:00,2025-03-04 00:00:00+09:00,EUR/JPY,SHORT,position_size_invalid
2025-03-11 20:00:00+09:00,2025-03-12 00:00:00+09:00,EUR/JPY,LONG,position_size_invalid
2025-03-14 16:00:00+09:00,2025-03-14 20:00:00+09:00,EUR/JPY,LONG,position_size_invalid
2025-03-25 00:00:00+09:00,2025-03-25 04:00:00+09:00,EUR/JPY,LONG,limit_expired (161.867)
2025-03-26 20:00:00+09:00,2025-03-27 00:00:00+09:00,EUR/JPY,LONG,limit_expired (162.105)
2025-03-27 08:00:00+09:00,2025-03-27 12:00:00+09:00,EUR/JPY,LONG,position_size_invalid
2025-04-03 00:00:00+09:00,2025-04-03 04:00:00+09:00,EUR/JPY,SHORT,limit_expired (161.842)
2025-04-04 00:00:00+09:00,2025-04-04 04:00:00+09:00,EUR/JPY,LONG,position_size_invalid
2025-04-08 12:00:00+09:00,2025-04-08 16:00:00+09:00,EUR/JPY,SHORT,position_size_invalid
2025-04-09 00:00:00+09:00,2025-04-09 04:00:00+09:00,EUR/JPY,SHORT,limit_expired (161.396)
2025-06-25 08:00:00+09:00,2025-06-25 12:00:00+09:00,EUR/JPY,LONG,position_size_invalid
2025-07-03 16:00:00+09:00,2025-07-03 20:00:00+09:00,EUR/JPY,LONG,limit_expired (169.252)
2025-07-24 08:00:00+09:00,2025-07-24 12:00:00+09:00,EUR/JPY,LONG,position_size_invalid
2025-09-30 16:00:00+09:00,2025-09-30 20:00:00+09:00,EUR/JPY,LONG,intra_bar_sl_hit (conservative skip)
2025-10-14 16:00:00+09:00,2025-10-14 20:00:00+09:00,EUR/JPY,LONG,position_size_invalid
2025-10-16 20:00:00+09:00,2025-10-17 00:00:00+09:00,EUR/JPY,LONG,position_size_invalid
2025-10-30 04:00:00+09:00,2025-10-30 08:00:00+09:00,EUR/JPY,LONG,intra_bar_sl_hit (conservative skip)
2025-11-25 16:00:00+09:00,2025-11-25 20:00:00+09:00,EUR/JPY,LONG,position_size_invalid
2025-11-26 08:00:00+09:00,2025-11-26 12:00:00+09:00,EUR/JPY,LONG,position_size_invalid
2025-11-28 04:00:00+09:00,2025-11-28 08:00:00+09:00,EUR/JPY,LONG,limit_expired (180.878)
2025-11-29 08:00:00+09:00,2025-11-29 12:00:00+09:00,EUR/JPY,LONG,limit_expired (180.950)
2025-12-05 20:00:00+09:00,,EUR/JPY,LONG,streak_guard (remaining_skip=2)
2025-12-06 16:00:00+09:00,,EUR/JPY,LONG,streak_guard (remaining_skip=1)
2025-12-24 04:00:00+09:00,2025-12-24 08:00:00+09:00,EUR/JPY,LONG,limit_expired (183.871)
2025-12-24 12:00:00+09:00,2025-12-24 16:00:00+09:00,EUR/JPY,LONG,limit_expired (183.913)
2025-12-27 00:00:00+09:00,2025-12-27 04:00:00+09:00,EUR/JPY,LONG,limit_expired (183.865)
