signal_time,entry_time,symbol,side,reason
2024-01-02 12:00:00+09:00,2024-01-02 16:00:00+09:00,EUR/JPY,SHORT,position_size_invalid
2024-03-02 12:00:00+09:00,2024-03-02 16:00:00+09:00,EUR/JPY,LONG,maintenance
2024-05-23 12:00:00+09:00,2024-05-23 16:00:00+09:00,EUR/JPY,LONG,position_size_invalid
2024-06-29 08:00:00+09:00,2024-06-29 12:00:00+09:00,EUR/JPY,LONG,maintenance
2024-12-07 08:00:00+09:00,2024-12-07 12:00:00+09:00,EUR/JPY,SHORT,maintenance
2025-03-01 12:00:00+09:00,2025-03-01 16:00:00+09:00,EUR/JPY,SHORT,maintenance
2025-03-08 12:00:00+09:00,2025-03-08 16:00:00+09:00,EUR/JPY,LONG,maintenance
2025-05-31 08:00:00+09:00,2025-05-31 12:00:00+09:00,EUR/JPY,LONG,maintenance
2025-11-29 08:00:00+09:00,2025-11-29 12:00:00+09:00,EUR/JPY,LONG,maintenance
2025-12-03 12:00:00+09:00,2025-12-03 16:00:00+09:00,EUR/JPY,LONG,position_size_invalid
2025-12-18 00:00:00+09:00,2025-12-18 04:00:00+09:00,EUR/JPY,LONG,position_size_invalid
