{
  "start_date": "2024-01-01",
  "end_date": "2026-02-14",
  "initial_equity": 500000.0,
  "final_equity": 603586.7148644045,
  "total_trades": 103,
  "wins": 50,
  "losses": 53,
  "win_rate": 0.4854368932038835,
  "total_pnl_gross": 111542.71486440448,
  "total_pnl_net": 103586.71486440448,
  "total_cost": 7956.0,
  "pf_gross": 1.678672950830483,
  "pf_net": 1.6154367642856569,
  "avg_win_net": 5438.017264950529,
  "avg_loss_net": -3175.7386487381505,
  "expectancy_net": 1005.696260819461,
  "avg_r_multiple": 0.3086237435976397,
  "max_drawdown_close_based": 0.04184030554970892,
  "per_symbol": {
    "EUR/JPY": {
      "count": 103,
      "total_pnl_net": 103586.71486440448,
      "win_rate": 0.4854368932038835,
      "avg_pnl_net": 1005.6962608194613,
      "avg_win": 5438.017264950529,
      "avg_loss": -3175.7386487381505
    }
  },
  "per_side": {
    "LONG": {
      "count": 71,
      "total_pnl_net": 95055.26448454235,
      "win_rate": 0.5211267605633803,
      "avg_pnl_net": 1338.806542035808,
      "avg_win": 5606.5543273267685,
      "avg_loss": -3305.507224310237
    },
    "SHORT": {
      "count": 32,
      "total_pnl_net": 8531.450379862123,
      "win_rate": 0.40625,
      "avg_pnl_net": 266.60782437069133,
      "avg_win": 4958.334856648925,
      "avg_loss": -2943.5211977144168
    }
  },
  "per_exit_reason": {
    "TP2": {
      "count": 35,
      "total_pnl_net": 237076.44759887978,
      "win_rate": 1.0,
      "avg_pnl_net": 6773.612788539422,
      "avg_win": 6773.612788539422,
      "avg_loss": 0.0
    },
    "SL": {
      "count": 53,
      "total_pnl_net": -168314.14838312197,
      "win_rate": 0.0,
      "avg_pnl_net": -3175.7386487381505,
      "avg_win": 0.0,
      "avg_loss": -3175.7386487381505
    },
    "BE": {
      "count": 15,
      "total_pnl_net": 34824.415648646675,
      "win_rate": 1.0,
      "avg_pnl_net": 2321.6277099097783,
      "avg_win": 2321.6277099097783,
      "avg_loss": 0.0
    }
  },
  "risk_violations_count": 101,
  "risk_violations": [
    {
      "trade_id": 1,
      "risk_jpy": 3101.3481184792226,
      "max_allowed": 2525.0,
      "excess_pct": 24.0539247391689
    },
    {
      "trade_id": 2,
      "risk_jpy": 3157.438207792495,
      "max_allowed": 2525.0,
      "excess_pct": 26.297528311699804
    },
    {
      "trade_id": 3,
      "risk_jpy": 2904.8185736573373,
      "max_allowed": 2525.0,
      "excess_pct": 16.192742946293492
    },
    {
      "trade_id": 4,
      "risk_jpy": 2871.6370092045054,
      "max_allowed": 2525.0,
      "excess_pct": 14.865480368180206
    },
    {
      "trade_id": 5,
      "risk_jpy": 2925.3226480265084,
      "max_allowed": 2525.0,
      "excess_pct": 17.01290592106033
    },
    {
      "trade_id": 6,
      "risk_jpy": 2705.157484896006,
      "max_allowed": 2525.0,
      "excess_pct": 8.206299395840233
    },
    {
      "trade_id": 7,
      "risk_jpy": 3130.095587343021,
      "max_allowed": 2525.0,
      "excess_pct": 25.203823493720854
    },
    {
      "trade_id": 8,
      "risk_jpy": 3040.9642992622994,
      "max_allowed": 2525.0,
      "excess_pct": 21.63857197049197
    },
    {
      "trade_id": 9,
      "risk_jpy": 3153.4916778298907,
      "max_allowed": 2525.0,
      "excess_pct": 26.13966711319562
    },
    {
      "trade_id": 10,
      "risk_jpy": 2904.131106164101,
      "max_allowed": 2525.0,
      "excess_pct": 16.165244246564026
    },
    {
      "trade_id": 11,
      "risk_jpy": 3099.9402240006475,
      "max_allowed": 2525.0,
      "excess_pct": 23.997608960025897
    },
    {
      "trade_id": 12,
      "risk_jpy": 2990.2117900235226,
      "max_allowed": 2525.0,
      "excess_pct": 19.608471600940902
    },
    {
      "trade_id": 13,
      "risk_jpy": 3071.494591909186,
      "max_allowed": 2525.0,
      "excess_pct": 22.85978367636745
    },
    {
      "trade_id": 14,
      "risk_jpy": 3012.1575281775677,
      "max_allowed": 2525.0,
      "excess_pct": 20.486301127102703
    },
    {
      "trade_id": 15,
      "risk_jpy": 2817.838069601976,
      "max_allowed": 2525.0,
      "excess_pct": 12.713522784079023
    },
    {
      "trade_id": 16,
      "risk_jpy": 3111.2437205605943,
      "max_allowed": 2525.0,
      "excess_pct": 24.449748822423768
    },
    {
      "trade_id": 17,
      "risk_jpy": 2994.6067710538955,
      "max_allowed": 2525.0,
      "excess_pct": 19.784270842155816
    },
    {
      "trade_id": 18,
      "risk_jpy": 3139.707676480441,
      "max_allowed": 2525.0,
      "excess_pct": 25.58830705921764
    },
    {
      "trade_id": 19,
      "risk_jpy": 2942.367062596304,
      "max_allowed": 2525.0,
      "excess_pct": 17.694682503852157
    },
    {
      "trade_id": 20,
      "risk_jpy": 3215.50783926412,
      "max_allowed": 2525.0,
      "excess_pct": 28.620313570564804
    },
    {
      "trade_id": 21,
      "risk_jpy": 3032.814186761925,
      "max_allowed": 2525.0,
      "excess_pct": 21.312567470477006
    },
    {
      "trade_id": 22,
      "risk_jpy": 3099.0606956021056,
      "max_allowed": 2525.0,
      "excess_pct": 23.96242782408422
    },
    {
      "trade_id": 23,
      "risk_jpy": 3189.2053079083666,
      "max_allowed": 2525.0,
      "excess_pct": 27.568212316334662
    },
    {
      "trade_id": 24,
      "risk_jpy": 3259.7815584499017,
      "max_allowed": 2525.0,
      "excess_pct": 30.39126233799607
    },
    {
      "trade_id": 25,
      "risk_jpy": 3170.2240374331723,
      "max_allowed": 2525.0,
      "excess_pct": 26.808961497326898
    },
    {
      "trade_id": 26,
      "risk_jpy": 3125.739173995669,
      "max_allowed": 2525.0,
      "excess_pct": 25.029566959826745
    },
    {
      "trade_id": 27,
      "risk_jpy": 3048.8160120621615,
      "max_allowed": 2525.0,
      "excess_pct": 21.952640482486462
    },
    {
      "trade_id": 28,
      "risk_jpy": 3143.000112570064,
      "max_allowed": 2525.0,
      "excess_pct": 25.720004502802563
    },
    {
      "trade_id": 29,
      "risk_jpy": 2879.8911038301185,
      "max_allowed": 2525.0,
      "excess_pct": 15.195644153204736
    },
    {
      "trade_id": 30,
      "risk_jpy": 2602.1014812923795,
      "max_allowed": 2525.0,
      "excess_pct": 4.084059251695171
    },
    {
      "trade_id": 31,
      "risk_jpy": 3146.7270459430947,
      "max_allowed": 2525.0,
      "excess_pct": 25.869081837723783
    },
    {
      "trade_id": 32,
      "risk_jpy": 2889.84502543542,
      "max_allowed": 2525.0,
      "excess_pct": 15.593801017416808
    },
    {
      "trade_id": 33,
      "risk_jpy": 3210.2014943382073,
      "max_allowed": 2525.0,
      "excess_pct": 28.408059773528294
    },
    {
      "trade_id": 34,
      "risk_jpy": 2940.8758458698967,
      "max_allowed": 2525.0,
      "excess_pct": 17.635033834795877
    },
    {
      "trade_id": 35,
      "risk_jpy": 3146.747257517802,
      "max_allowed": 2525.0,
      "excess_pct": 25.869890300712093
    },
    {
      "trade_id": 38,
      "risk_jpy": 2737.3876123135688,
      "max_allowed": 2525.0,
      "excess_pct": 9.49550449254275
    },
    {
      "trade_id": 39,
      "risk_jpy": 2794.4401262469682,
      "max_allowed": 2525.0,
      "excess_pct": 11.777605049878726
    },
    {
      "trade_id": 40,
      "risk_jpy": 2657.3013178347082,
      "max_allowed": 2525.0,
      "excess_pct": 6.29205271338833
    },
    {
      "trade_id": 41,
      "risk_jpy": 3035.921909781507,
      "max_allowed": 2525.0,
      "excess_pct": 21.436876391260284
    },
    {
      "trade_id": 42,
      "risk_jpy": 3140.738177009581,
      "max_allowed": 2525.0,
      "excess_pct": 25.62952708038324
    },
    {
      "trade_id": 43,
      "risk_jpy": 2611.070722253089,
      "max_allowed": 2525.0,
      "excess_pct": 4.4428288901235735
    },
    {
      "trade_id": 44,
      "risk_jpy": 2878.419510056574,
      "max_allowed": 2525.0,
      "excess_pct": 15.13678040226296
    },
    {
      "trade_id": 45,
      "risk_jpy": 2609.39831360821,
      "max_allowed": 2525.0,
      "excess_pct": 4.375932544328398
    },
    {
      "trade_id": 46,
      "risk_jpy": 2532.687807037803,
      "max_allowed": 2525.0,
      "excess_pct": 1.3075122815121132
    },
    {
      "trade_id": 47,
      "risk_jpy": 2899.7929143675665,
      "max_allowed": 2525.0,
      "excess_pct": 15.991716574702664
    },
    {
      "trade_id": 48,
      "risk_jpy": 3195.134808832222,
      "max_allowed": 2525.0,
      "excess_pct": 27.805392353288873
    },
    {
      "trade_id": 49,
      "risk_jpy": 2853.419788094527,
      "max_allowed": 2525.0,
      "excess_pct": 14.136791523781088
    },
    {
      "trade_id": 50,
      "risk_jpy": 2780.3176053507173,
      "max_allowed": 2525.0,
      "excess_pct": 11.21270421402869
    },
    {
      "trade_id": 51,
      "risk_jpy": 2939.597363344774,
      "max_allowed": 2525.0,
      "excess_pct": 17.583894533790946
    },
    {
      "trade_id": 52,
      "risk_jpy": 3092.850328550128,
      "max_allowed": 2525.0,
      "excess_pct": 23.71401314200512
    },
    {
      "trade_id": 53,
      "risk_jpy": 2966.7650328915443,
      "max_allowed": 2525.0,
      "excess_pct": 18.670601315661763
    },
    {
      "trade_id": 54,
      "risk_jpy": 3146.538931461436,
      "max_allowed": 2525.0,
      "excess_pct": 25.861557258457424
    },
    {
      "trade_id": 55,
      "risk_jpy": 2998.229253444293,
      "max_allowed": 2525.0,
      "excess_pct": 19.929170137771735
    },
    {
      "trade_id": 56,
      "risk_jpy": 2950.6622396910984,
      "max_allowed": 2525.0,
      "excess_pct": 18.026489587643944
    },
    {
      "trade_id": 57,
      "risk_jpy": 3324.730162439664,
      "max_allowed": 2525.0,
      "excess_pct": 32.989206497586565
    },
    {
      "trade_id": 58,
      "risk_jpy": 2743.6386285625076,
      "max_allowed": 2525.0,
      "excess_pct": 9.745545142500301
    },
    {
      "trade_id": 59,
      "risk_jpy": 3137.708158011719,
      "max_allowed": 2525.0,
      "excess_pct": 25.508326320468775
    },
    {
      "trade_id": 60,
      "risk_jpy": 2924.052716879544,
      "max_allowed": 2525.0,
      "excess_pct": 16.962108675181753
    },
    {
      "trade_id": 61,
      "risk_jpy": 3020.488423493248,
      "max_allowed": 2525.0,
      "excess_pct": 20.81953693972991
    },
    {
      "trade_id": 62,
      "risk_jpy": 3460.2742275670835,
      "max_allowed": 2525.0,
      "excess_pct": 38.41096910268333
    },
    {
      "trade_id": 63,
      "risk_jpy": 3011.5955980622857,
      "max_allowed": 2525.0,
      "excess_pct": 20.46382392249142
    },
    {
      "trade_id": 64,
      "risk_jpy": 3193.8618855533605,
      "max_allowed": 2525.0,
      "excess_pct": 27.754475422134426
    },
    {
      "trade_id": 65,
      "risk_jpy": 3092.204736834958,
      "max_allowed": 2525.0,
      "excess_pct": 23.688189473398324
    },
    {
      "trade_id": 66,
      "risk_jpy": 2767.2818171542986,
      "max_allowed": 2525.0,
      "excess_pct": 10.691272686171938
    },
    {
      "trade_id": 67,
      "risk_jpy": 3293.7742850607774,
      "max_allowed": 2525.0,
      "excess_pct": 31.750971402431105
    },
    {
      "trade_id": 68,
      "risk_jpy": 3087.255141356593,
      "max_allowed": 2525.0,
      "excess_pct": 23.49020565426372
    },
    {
      "trade_id": 69,
      "risk_jpy": 3193.9676567610036,
      "max_allowed": 2525.0,
      "excess_pct": 27.758706270440147
    },
    {
      "trade_id": 70,
      "risk_jpy": 3451.268049819191,
      "max_allowed": 2525.0,
      "excess_pct": 38.05072199276764
    },
    {
      "trade_id": 71,
      "risk_jpy": 3518.9341674381467,
      "max_allowed": 2525.0,
      "excess_pct": 40.757366697525875
    },
    {
      "trade_id": 72,
      "risk_jpy": 3475.095235291292,
      "max_allowed": 2525.0,
      "excess_pct": 39.003809411651666
    },
    {
      "trade_id": 73,
      "risk_jpy": 3234.6165288897737,
      "max_allowed": 2525.0,
      "excess_pct": 29.38466115559095
    },
    {
      "trade_id": 74,
      "risk_jpy": 3514.129376473875,
      "max_allowed": 2525.0,
      "excess_pct": 40.565175058954985
    },
    {
      "trade_id": 75,
      "risk_jpy": 3423.9360472459166,
      "max_allowed": 2525.0,
      "excess_pct": 36.95744188983667
    },
    {
      "trade_id": 76,
      "risk_jpy": 3223.6974850627576,
      "max_allowed": 2525.0,
      "excess_pct": 28.947899402510302
    },
    {
      "trade_id": 77,
      "risk_jpy": 3322.8368952717346,
      "max_allowed": 2525.0,
      "excess_pct": 32.913475810869386
    },
    {
      "trade_id": 78,
      "risk_jpy": 3321.1351898055455,
      "max_allowed": 2525.0,
      "excess_pct": 32.84540759222181
    },
    {
      "trade_id": 79,
      "risk_jpy": 3333.0425091392044,
      "max_allowed": 2525.0,
      "excess_pct": 33.321700365568184
    },
    {
      "trade_id": 80,
      "risk_jpy": 3458.3049060213966,
      "max_allowed": 2525.0,
      "excess_pct": 38.332196240855865
    },
    {
      "trade_id": 81,
      "risk_jpy": 3590.4155471398553,
      "max_allowed": 2525.0,
      "excess_pct": 43.616621885594206
    },
    {
      "trade_id": 82,
      "risk_jpy": 3401.3084006285226,
      "max_allowed": 2525.0,
      "excess_pct": 36.05233602514091
    },
    {
      "trade_id": 83,
      "risk_jpy": 3295.8227518522563,
      "max_allowed": 2525.0,
      "excess_pct": 31.832910074090258
    },
    {
      "trade_id": 84,
      "risk_jpy": 3481.206826369771,
      "max_allowed": 2525.0,
      "excess_pct": 39.248273054790836
    },
    {
      "trade_id": 85,
      "risk_jpy": 3393.9819281720247,
      "max_allowed": 2525.0,
      "excess_pct": 35.75927712688098
    },
    {
      "trade_id": 86,
      "risk_jpy": 3480.386873841155,
      "max_allowed": 2525.0,
      "excess_pct": 39.215474953646215
    },
    {
      "trade_id": 87,
      "risk_jpy": 3571.453714024244,
      "max_allowed": 2525.0,
      "excess_pct": 42.85814856096977
    },
    {
      "trade_id": 88,
      "risk_jpy": 3340.352856554091,
      "max_allowed": 2525.0,
      "excess_pct": 33.61411426216363
    },
    {
      "trade_id": 89,
      "risk_jpy": 3408.615215045984,
      "max_allowed": 2525.0,
      "excess_pct": 36.34460860183935
    },
    {
      "trade_id": 90,
      "risk_jpy": 3476.39784847388,
      "max_allowed": 2525.0,
      "excess_pct": 39.0559139389552
    },
    {
      "trade_id": 91,
      "risk_jpy": 3354.084710196503,
      "max_allowed": 2525.0,
      "excess_pct": 34.163388407860104
    },
    {
      "trade_id": 92,
      "risk_jpy": 3363.4987151299356,
      "max_allowed": 2525.0,
      "excess_pct": 34.539948605197424
    },
    {
      "trade_id": 93,
      "risk_jpy": 3663.58003763321,
      "max_allowed": 2525.0,
      "excess_pct": 46.543201505328405
    },
    {
      "trade_id": 94,
      "risk_jpy": 3495.25838791493,
      "max_allowed": 2525.0,
      "excess_pct": 39.810335516597206
    },
    {
      "trade_id": 95,
      "risk_jpy": 3592.7602562639436,
      "max_allowed": 2525.0,
      "excess_pct": 43.71041025055775
    },
    {
      "trade_id": 96,
      "risk_jpy": 3465.9681967632423,
      "max_allowed": 2525.0,
      "excess_pct": 38.638727870529685
    },
    {
      "trade_id": 97,
      "risk_jpy": 3454.9869968034272,
      "max_allowed": 2525.0,
      "excess_pct": 38.1994798721371
    },
    {
      "trade_id": 98,
      "risk_jpy": 3560.3166906807646,
      "max_allowed": 2525.0,
      "excess_pct": 42.41266762723059
    },
    {
      "trade_id": 99,
      "risk_jpy": 3556.984330827362,
      "max_allowed": 2525.0,
      "excess_pct": 42.279373233094475
    },
    {
      "trade_id": 100,
      "risk_jpy": 3334.6614903260274,
      "max_allowed": 2525.0,
      "excess_pct": 33.3864596130411
    },
    {
      "trade_id": 101,
      "risk_jpy": 3358.1557932336636,
      "max_allowed": 2525.0,
      "excess_pct": 34.326231729346546
    },
    {
      "trade_id": 102,
      "risk_jpy": 3296.3962377512817,
      "max_allowed": 2525.0,
      "excess_pct": 31.85584951005127
    },
    {
      "trade_id": 103,
      "risk_jpy": 3566.83617210615,
      "max_allowed": 2525.0,
      "excess_pct": 42.67344688424601
    }
  ],
  "monthly_returns": [
    {
      "month": "2024-01",
      "trades": 5,
      "pnl_net": 3799.477192281942,
      "equity": 503799.4771922819,
      "return_pct": 0.7598954384563884
    },
    {
      "month": "2024-02",
      "trades": 6,
      "pnl_net": 5520.675080137857,
      "equity": 509320.1522724198,
      "return_pct": 1.1041350160275714
    },
    {
      "month": "2024-03",
      "trades": 5,
      "pnl_net": -1438.1013415269704,
      "equity": 507882.0509308928,
      "return_pct": -0.28762026830539406
    },
    {
      "month": "2024-04",
      "trades": 7,
      "pnl_net": 16721.03672000618,
      "equity": 524603.087650899,
      "return_pct": 3.3442073440012363
    },
    {
      "month": "2024-05",
      "trades": 4,
      "pnl_net": -13068.560781941458,
      "equity": 511534.5268689575,
      "return_pct": -2.6137121563882917
    },
    {
      "month": "2024-06",
      "trades": 5,
      "pnl_net": -452.7961060070729,
      "equity": 511081.73076295044,
      "return_pct": -0.09055922120141457
    },
    {
      "month": "2024-07",
      "trades": 3,
      "pnl_net": 10750.258845804277,
      "equity": 521831.9896087547,
      "return_pct": 2.1500517691608554
    },
    {
      "month": "2024-08",
      "trades": 6,
      "pnl_net": -6984.834859505005,
      "equity": 514847.1547492497,
      "return_pct": -1.396966971901001
    },
    {
      "month": "2024-09",
      "trades": 5,
      "pnl_net": 3355.7842505903695,
      "equity": 518202.93899984006,
      "return_pct": 0.6711568501180739
    },
    {
      "month": "2024-10",
      "trades": 3,
      "pnl_net": 10281.454928716335,
      "equity": 528484.3939285564,
      "return_pct": 2.056290985743267
    },
    {
      "month": "2024-11",
      "trades": 4,
      "pnl_net": -2195.7667623502366,
      "equity": 526288.6271662061,
      "return_pct": -0.4391533524700474
    },
    {
      "month": "2024-12",
      "trades": 2,
      "pnl_net": 3329.4768887874725,
      "equity": 529618.1040549936,
      "return_pct": 0.6658953777574945
    },
    {
      "month": "2025-01",
      "trades": 3,
      "pnl_net": 10855.9942762301,
      "equity": 540474.0983312237,
      "return_pct": 2.17119885524602
    },
    {
      "month": "2025-02",
      "trades": 2,
      "pnl_net": 13296.961968504223,
      "equity": 553771.060299728,
      "return_pct": 2.659392393700845
    },
    {
      "month": "2025-03",
      "trades": 5,
      "pnl_net": 3899.3119502387785,
      "equity": 557670.3722499667,
      "return_pct": 0.7798623900477557
    },
    {
      "month": "2025-04",
      "trades": 4,
      "pnl_net": 3486.012677874662,
      "equity": 561156.3849278414,
      "return_pct": 0.6972025355749324
    },
    {
      "month": "2025-05",
      "trades": 6,
      "pnl_net": 7143.196199736556,
      "equity": 568299.5811275779,
      "return_pct": 1.4286392399473113
    },
    {
      "month": "2025-06",
      "trades": 2,
      "pnl_net": 3858.6855292976234,
      "equity": 572158.2666568755,
      "return_pct": 0.7717371058595246
    },
    {
      "month": "2025-07",
      "trades": 3,
      "pnl_net": 11926.064738431287,
      "equity": 584084.3313953067,
      "return_pct": 2.385212947686257
    },
    {
      "month": "2025-08",
      "trades": 5,
      "pnl_net": -11583.508246668753,
      "equity": 572500.823148638,
      "return_pct": -2.3167016493337504
    },
    {
      "month": "2025-09",
      "trades": 1,
      "pnl_net": 2394.290155380351,
      "equity": 574895.1133040184,
      "return_pct": 0.47885803107607017
    },
    {
      "month": "2025-10",
      "trades": 3,
      "pnl_net": 29.724998175320707,
      "equity": 574924.8383021937,
      "return_pct": 0.005944999635064141
    },
    {
      "month": "2025-11",
      "trades": 4,
      "pnl_net": 13457.849886732803,
      "equity": 588382.6881889264,
      "return_pct": 2.6915699773465604
    },
    {
      "month": "2025-12",
      "trades": 4,
      "pnl_net": -3166.503004889589,
      "equity": 585216.1851840368,
      "return_pct": -0.6333006009779178
    },
    {
      "month": "2026-01",
      "trades": 4,
      "pnl_net": 8736.51101634877,
      "equity": 593952.6962003856,
      "return_pct": 1.747302203269754
    },
    {
      "month": "2026-02",
      "trades": 2,
      "pnl_net": 9634.018664018677,
      "equity": 603586.7148644043,
      "return_pct": 1.9268037328037353
    }
  ],
  "run_id": "risk_070_500k",
  "symbol": "EUR/JPY",
  "config_file": "config/minnafx.yaml",
  "parameters": {
    "initial_equity": 500000.0,
    "risk_pct": 0.007,
    "atr_multiplier": 1.0,
    "tp1_r": 1.5,
    "tp2_r": 3.0
  },
  "stats": {
    "total_signals": 114,
    "executed_trades": 103,
    "skipped_signals": 11,
    "maintenance_skips": 7,
    "spread_filter_skips": 0,
    "position_size_skips": 4,
    "skipped_details": [
      {
        "signal_time": "2024-01-02 12:00:00+09:00",
        "entry_time": "2024-01-02 16:00:00+09:00",
        "symbol": "EUR/JPY",
        "side": "SHORT",
        "reason": "position_size_invalid"
      },
      {
        "signal_time": "2024-03-02 12:00:00+09:00",
        "entry_time": "2024-03-02 16:00:00+09:00",
        "symbol": "EUR/JPY",
        "side": "LONG",
        "reason": "maintenance"
      },
      {
        "signal_time": "2024-05-23 12:00:00+09:00",
        "entry_time": "2024-05-23 16:00:00+09:00",
        "symbol": "EUR/JPY",
        "side": "LONG",
        "reason": "position_size_invalid"
      },
      {
        "signal_time": "2024-06-29 08:00:00+09:00",
        "entry_time": "2024-06-29 12:00:00+09:00",
        "symbol": "EUR/JPY",
        "side": "LONG",
        "reason": "maintenance"
      },
      {
        "signal_time": "2024-12-07 08:00:00+09:00",
        "entry_time": "2024-12-07 12:00:00+09:00",
        "symbol": "EUR/JPY",
        "side": "SHORT",
        "reason": "maintenance"
      },
      {
        "signal_time": "2025-03-01 12:00:00+09:00",
        "entry_time": "2025-03-01 16:00:00+09:00",
        "symbol": "EUR/JPY",
        "side": "SHORT",
        "reason": "maintenance"
      },
      {
        "signal_time": "2025-03-08 12:00:00+09:00",
        "entry_time": "2025-03-08 16:00:00+09:00",
        "symbol": "EUR/JPY",
        "side": "LONG",
        "reason": "maintenance"
      },
      {
        "signal_time": "2025-05-31 08:00:00+09:00",
        "entry_time": "2025-05-31 12:00:00+09:00",
        "symbol": "EUR/JPY",
        "side": "LONG",
        "reason": "maintenance"
      },
      {
        "signal_time": "2025-11-29 08:00:00+09:00",
        "entry_time": "2025-11-29 12:00:00+09:00",
        "symbol": "EUR/JPY",
        "side": "LONG",
        "reason": "maintenance"
      },
      {
        "signal_time": "2025-12-03 12:00:00+09:00",
        "entry_time": "2025-12-03 16:00:00+09:00",
        "symbol": "EUR/JPY",
        "side": "LONG",
        "reason": "position_size_invalid"
      },
      {
        "signal_time": "2025-12-18 00:00:00+09:00",
        "entry_time": "2025-12-18 04:00:00+09:00",
        "symbol": "EUR/JPY",
        "side": "LONG",
        "reason": "position_size_invalid"
      }
    ]
  }
}