{
  "start_date": "2024-01-01",
  "end_date": "2026-02-14",
  "initial_equity": 100000.0,
  "final_equity": 107624.95540616484,
  "total_trades": 55,
  "wins": 29,
  "losses": 26,
  "win_rate": 0.5272727272727272,
  "total_pnl_gross": 8072.955406164839,
  "total_pnl_net": 7624.955406164839,
  "total_cost": 448.0,
  "pf_gross": 1.7865144435320621,
  "pf_net": 1.7281127728727248,
  "avg_win_net": 624.0404490237084,
  "avg_loss_net": -402.7776005970273,
  "expectancy_net": 138.6355528393606,
  "avg_r_multiple": 0.3654724473015741,
  "max_drawdown_close_based": 0.017999777120110305,
  "per_symbol": {
    "USD/JPY": {
      "count": 55,
      "total_pnl_net": 7624.955406164839,
      "win_rate": 0.5272727272727272,
      "avg_pnl_net": 138.63555283936066,
      "avg_win": 624.0404490237086,
      "avg_loss": -402.7776005970273
    }
  },
  "per_side": {
    "LONG": {
      "count": 44,
      "total_pnl_net": 5854.739777509409,
      "win_rate": 0.5227272727272727,
      "avg_pnl_net": 133.06226767066835,
      "avg_win": 615.1804670268501,
      "avg_loss": -394.9719506718165
    },
    "SHORT": {
      "count": 11,
      "total_pnl_net": 1770.21562865543,
      "win_rate": 0.5454545454545454,
      "avg_pnl_net": 160.92869351412995,
      "avg_win": 658.003713344999,
      "avg_loss": -435.5613302829129
    }
  },
  "per_exit_reason": {
    "SL": {
      "count": 26,
      "total_pnl_net": -10472.21761552271,
      "win_rate": 0.0,
      "avg_pnl_net": -402.7776005970273,
      "avg_win": 0.0,
      "avg_loss": -402.7776005970273
    },
    "BE": {
      "count": 11,
      "total_pnl_net": 2808.3079531676067,
      "win_rate": 1.0,
      "avg_pnl_net": 255.30072301523705,
      "avg_win": 255.30072301523705,
      "avg_loss": 0.0
    },
    "TP2": {
      "count": 18,
      "total_pnl_net": 15288.865068519939,
      "win_rate": 1.0,
      "avg_pnl_net": 849.3813926955522,
      "avg_win": 849.3813926955522,
      "avg_loss": 0.0
    }
  },
  "risk_violations_count": 0,
  "risk_violations": [],
  "monthly_returns": [
    {
      "month": "2024-02",
      "trades": 6,
      "pnl_net": 1293.0717229778015,
      "equity": 101293.0717229778,
      "return_pct": 1.2930717229778015
    },
    {
      "month": "2024-03",
      "trades": 1,
      "pnl_net": -387.4120130898193,
      "equity": 100905.65970988797,
      "return_pct": -0.3874120130898193
    },
    {
      "month": "2024-04",
      "trades": 5,
      "pnl_net": 1227.547650598085,
      "equity": 102133.20736048606,
      "return_pct": 1.2275476505980851
    },
    {
      "month": "2024-05",
      "trades": 1,
      "pnl_net": -281.02735612684614,
      "equity": 101852.18000435922,
      "return_pct": -0.28102735612684615
    },
    {
      "month": "2024-06",
      "trades": 1,
      "pnl_net": 861.8409608538782,
      "equity": 102714.0209652131,
      "return_pct": 0.8618409608538782
    },
    {
      "month": "2024-07",
      "trades": 3,
      "pnl_net": -559.9270682062345,
      "equity": 102154.09389700687,
      "return_pct": -0.5599270682062345
    },
    {
      "month": "2024-10",
      "trades": 4,
      "pnl_net": -322.90902465873114,
      "equity": 101831.18487234814,
      "return_pct": -0.3229090246587311
    },
    {
      "month": "2024-12",
      "trades": 1,
      "pnl_net": 994.2907303751936,
      "equity": 102825.47560272334,
      "return_pct": 0.9942907303751936
    },
    {
      "month": "2025-01",
      "trades": 1,
      "pnl_net": -434.6198194862909,
      "equity": 102390.85578323704,
      "return_pct": -0.43461981948629086
    },
    {
      "month": "2025-02",
      "trades": 1,
      "pnl_net": 947.5399448536122,
      "equity": 103338.39572809066,
      "return_pct": 0.9475399448536123
    },
    {
      "month": "2025-03",
      "trades": 2,
      "pnl_net": -143.58436609776425,
      "equity": 103194.81136199289,
      "return_pct": -0.14358436609776423
    },
    {
      "month": "2025-07",
      "trades": 3,
      "pnl_net": 2892.5544136715625,
      "equity": 106087.36577566445,
      "return_pct": 2.8925544136715624
    },
    {
      "month": "2025-08",
      "trades": 2,
      "pnl_net": -193.46857939503968,
      "equity": 105893.89719626942,
      "return_pct": -0.19346857939503967
    },
    {
      "month": "2025-09",
      "trades": 6,
      "pnl_net": -18.43139078867557,
      "equity": 105875.46580548074,
      "return_pct": -0.01843139078867557
    },
    {
      "month": "2025-10",
      "trades": 2,
      "pnl_net": -927.6620510471876,
      "equity": 104947.80375443355,
      "return_pct": -0.9276620510471876
    },
    {
      "month": "2025-11",
      "trades": 5,
      "pnl_net": 518.091377604228,
      "equity": 105465.89513203778,
      "return_pct": 0.518091377604228
    },
    {
      "month": "2025-12",
      "trades": 4,
      "pnl_net": 755.2615467104395,
      "equity": 106221.15667874822,
      "return_pct": 0.7552615467104394
    },
    {
      "month": "2026-01",
      "trades": 6,
      "pnl_net": 681.8838620149438,
      "equity": 106903.04054076316,
      "return_pct": 0.6818838620149439
    },
    {
      "month": "2026-02",
      "trades": 1,
      "pnl_net": 721.9148654016818,
      "equity": 107624.95540616484,
      "return_pct": 0.7219148654016818
    }
  ],
  "run_id": "fixed_r_tp2",
  "symbol": "USD/JPY",
  "config_file": "config/minnafx.yaml",
  "parameters": {
    "initial_equity": 100000.0,
    "risk_pct": 0.005,
    "atr_multiplier": 1.0,
    "tp1_r": 1.5,
    "tp2_r": 3.0
  },
  "stats": {
    "total_signals": 144,
    "executed_trades": 55,
    "skipped_signals": 89,
    "maintenance_skips": 13,
    "spread_filter_skips": 0,
    "position_size_skips": 76,
    "skipped_details": [
      {
        "signal_time": "2024-01-09 12:00:00+09:00",
        "entry_time": "2024-01-09 16:00:00+09:00",
        "symbol": "USD/JPY",
        "side": "LONG",
        "reason": "position_size_invalid"
      },
      {
        "signal_time": "2024-01-13 04:00:00+09:00",
        "entry_time": "2024-01-13 08:00:00+09:00",
        "symbol": "USD/JPY",
        "side": "LONG",
        "reason": "position_size_invalid"
      },
      {
        "signal_time": "2024-01-24 04:00:00+09:00",
        "entry_time": "2024-01-24 08:00:00+09:00",
        "symbol": "USD/JPY",
        "side": "LONG",
        "reason": "position_size_invalid"
      },
      {
        "signal_time": "2024-01-27 00:00:00+09:00",
        "entry_time": "2024-01-27 04:00:00+09:00",
        "symbol": "USD/JPY",
        "side": "LONG",
        "reason": "position_size_invalid"
      },
      {
        "signal_time": "2024-01-27 08:00:00+09:00",
        "entry_time": "2024-01-27 12:00:00+09:00",
        "symbol": "USD/JPY",
        "side": "LONG",
        "reason": "maintenance"
      },
      {
        "signal_time": "2024-02-03 08:00:00+09:00",
        "entry_time": "2024-02-03 12:00:00+09:00",
        "symbol": "USD/JPY",
        "side": "LONG",
        "reason": "maintenance"
      },
      {
        "signal_time": "2024-04-30 04:00:00+09:00",
        "entry_time": "2024-04-30 08:00:00+09:00",
        "symbol": "USD/JPY",
        "side": "LONG",
        "reason": "position_size_invalid"
      },
      {
        "signal_time": "2024-05-17 12:00:00+09:00",
        "entry_time": "2024-05-17 16:00:00+09:00",
        "symbol": "USD/JPY",
        "side": "LONG",
        "reason": "position_size_invalid"
      },
      {
        "signal_time": "2024-06-07 08:00:00+09:00",
        "entry_time": "2024-06-07 12:00:00+09:00",
        "symbol": "USD/JPY",
        "side": "SHORT",
        "reason": "position_size_invalid"
      },
      {
        "signal_time": "2024-06-13 12:00:00+09:00",
        "entry_time": "2024-06-13 16:00:00+09:00",
        "symbol": "USD/JPY",
        "side": "LONG",
        "reason": "position_size_invalid"
      },
      {
        "signal_time": "2024-06-18 00:00:00+09:00",
        "entry_time": "2024-06-18 04:00:00+09:00",
        "symbol": "USD/JPY",
        "side": "LONG",
        "reason": "position_size_invalid"
      },
      {
        "signal_time": "2024-07-27 04:00:00+09:00",
        "entry_time": "2024-07-27 08:00:00+09:00",
        "symbol": "USD/JPY",
        "side": "SHORT",
        "reason": "position_size_invalid"
      },
      {
        "signal_time": "2024-07-31 08:00:00+09:00",
        "entry_time": "2024-07-31 12:00:00+09:00",
        "symbol": "USD/JPY",
        "side": "SHORT",
        "reason": "position_size_invalid"
      },
      {
        "signal_time": "2024-08-10 04:00:00+09:00",
        "entry_time": "2024-08-10 08:00:00+09:00",
        "symbol": "USD/JPY",
        "side": "SHORT",
        "reason": "position_size_invalid"
      },
      {
        "signal_time": "2024-08-15 08:00:00+09:00",
        "entry_time": "2024-08-15 12:00:00+09:00",
        "symbol": "USD/JPY",
        "side": "SHORT",
        "reason": "position_size_invalid"
      },
      {
        "signal_time": "2024-08-17 12:00:00+09:00",
        "entry_time": "2024-08-19 16:00:00+09:00",
        "symbol": "USD/JPY",
        "side": "SHORT",
        "reason": "position_size_invalid"
      },
      {
        "signal_time": "2024-08-19 16:00:00+09:00",
        "entry_time": "2024-08-19 20:00:00+09:00",
        "symbol": "USD/JPY",
        "side": "SHORT",
        "reason": "position_size_invalid"
      },
      {
        "signal_time": "2024-08-22 08:00:00+09:00",
        "entry_time": "2024-08-22 12:00:00+09:00",
        "symbol": "USD/JPY",
        "side": "SHORT",
        "reason": "position_size_invalid"
      },
      {
        "signal_time": "2024-08-24 08:00:00+09:00",
        "entry_time": "2024-08-24 12:00:00+09:00",
        "symbol": "USD/JPY",
        "side": "SHORT",
        "reason": "maintenance"
      },
      {
        "signal_time": "2024-08-29 12:00:00+09:00",
        "entry_time": "2024-08-29 16:00:00+09:00",
        "symbol": "USD/JPY",
        "side": "SHORT",
        "reason": "position_size_invalid"
      },
      {
        "signal_time": "2024-09-07 08:00:00+09:00",
        "entry_time": "2024-09-07 12:00:00+09:00",
        "symbol": "USD/JPY",
        "side": "SHORT",
        "reason": "maintenance"
      },
      {
        "signal_time": "2024-09-10 04:00:00+09:00",
        "entry_time": "2024-09-10 08:00:00+09:00",
        "symbol": "USD/JPY",
        "side": "SHORT",
        "reason": "position_size_invalid"
      },
      {
        "signal_time": "2024-09-10 20:00:00+09:00",
        "entry_time": "2024-09-11 00:00:00+09:00",
        "symbol": "USD/JPY",
        "side": "SHORT",
        "reason": "position_size_invalid"
      },
      {
        "signal_time": "2024-09-11 04:00:00+09:00",
        "entry_time": "2024-09-11 08:00:00+09:00",
        "symbol": "USD/JPY",
        "side": "SHORT",
        "reason": "position_size_invalid"
      },
      {
        "signal_time": "2024-09-13 00:00:00+09:00",
        "entry_time": "2024-09-13 04:00:00+09:00",
        "symbol": "USD/JPY",
        "side": "SHORT",
        "reason": "position_size_invalid"
      },
      {
        "signal_time": "2024-09-13 12:00:00+09:00",
        "entry_time": "2024-09-13 16:00:00+09:00",
        "symbol": "USD/JPY",
        "side": "SHORT",
        "reason": "position_size_invalid"
      },
      {
        "signal_time": "2024-09-21 00:00:00+09:00",
        "entry_time": "2024-09-21 04:00:00+09:00",
        "symbol": "USD/JPY",
        "side": "LONG",
        "reason": "position_size_invalid"
      },
      {
        "signal_time": "2024-09-25 20:00:00+09:00",
        "entry_time": "2024-09-26 00:00:00+09:00",
        "symbol": "USD/JPY",
        "side": "LONG",
        "reason": "position_size_invalid"
      },
      {
        "signal_time": "2024-10-02 16:00:00+09:00",
        "entry_time": "2024-10-02 20:00:00+09:00",
        "symbol": "USD/JPY",
        "side": "LONG",
        "reason": "position_size_invalid"
      },
      {
        "signal_time": "2024-10-03 00:00:00+09:00",
        "entry_time": "2024-10-03 04:00:00+09:00",
        "symbol": "USD/JPY",
        "side": "LONG",
        "reason": "position_size_invalid"
      },
      {
        "signal_time": "2024-10-11 20:00:00+09:00",
        "entry_time": "2024-10-12 00:00:00+09:00",
        "symbol": "USD/JPY",
        "side": "LONG",
        "reason": "position_size_invalid"
      },
      {
        "signal_time": "2024-11-02 08:00:00+09:00",
        "entry_time": "2024-11-02 12:00:00+09:00",
        "symbol": "USD/JPY",
        "side": "LONG",
        "reason": "maintenance"
      },
      {
        "signal_time": "2024-11-06 20:00:00+09:00",
        "entry_time": "2024-11-07 00:00:00+09:00",
        "symbol": "USD/JPY",
        "side": "LONG",
        "reason": "position_size_invalid"
      },
      {
        "signal_time": "2024-11-20 12:00:00+09:00",
        "entry_time": "2024-11-20 16:00:00+09:00",
        "symbol": "USD/JPY",
        "side": "LONG",
        "reason": "position_size_invalid"
      },
      {
        "signal_time": "2024-11-20 16:00:00+09:00",
        "entry_time": "2024-11-20 20:00:00+09:00",
        "symbol": "USD/JPY",
        "side": "LONG",
        "reason": "position_size_invalid"
      },
      {
        "signal_time": "2024-11-23 08:00:00+09:00",
        "entry_time": "2024-11-23 12:00:00+09:00",
        "symbol": "USD/JPY",
        "side": "LONG",
        "reason": "maintenance"
      },
      {
        "signal_time": "2024-12-05 20:00:00+09:00",
        "entry_time": "2024-12-06 00:00:00+09:00",
        "symbol": "USD/JPY",
        "side": "SHORT",
        "reason": "position_size_invalid"
      },
      {
        "signal_time": "2024-12-07 08:00:00+09:00",
        "entry_time": "2024-12-07 12:00:00+09:00",
        "symbol": "USD/JPY",
        "side": "SHORT",
        "reason": "maintenance"
      },
      {
        "signal_time": "2024-12-13 08:00:00+09:00",
        "entry_time": "2024-12-13 12:00:00+09:00",
        "symbol": "USD/JPY",
        "side": "LONG",
        "reason": "position_size_invalid"
      },
      {
        "signal_time": "2024-12-28 12:00:00+09:00",
        "entry_time": "2024-12-28 16:00:00+09:00",
        "symbol": "USD/JPY",
        "side": "LONG",
        "reason": "maintenance"
      },
      {
        "signal_time": "2025-01-03 04:00:00+09:00",
        "entry_time": "2025-01-03 08:00:00+09:00",
        "symbol": "USD/JPY",
        "side": "LONG",
        "reason": "position_size_invalid"
      },
      {
        "signal_time": "2025-01-03 12:00:00+09:00",
        "entry_time": "2025-01-03 16:00:00+09:00",
        "symbol": "USD/JPY",
        "side": "LONG",
        "reason": "position_size_invalid"
      },
      {
        "signal_time": "2025-01-07 08:00:00+09:00",
        "entry_time": "2025-01-07 12:00:00+09:00",
        "symbol": "USD/JPY",
        "side": "LONG",
        "reason": "position_size_invalid"
      },
      {
        "signal_time": "2025-01-10 00:00:00+09:00",
        "entry_time": "2025-01-10 04:00:00+09:00",
        "symbol": "USD/JPY",
        "side": "LONG",
        "reason": "position_size_invalid"
      },
      {
        "signal_time": "2025-01-10 08:00:00+09:00",
        "entry_time": "2025-01-10 12:00:00+09:00",
        "symbol": "USD/JPY",
        "side": "LONG",
        "reason": "position_size_invalid"
      },
      {
        "signal_time": "2025-01-15 04:00:00+09:00",
        "entry_time": "2025-01-15 08:00:00+09:00",
        "symbol": "USD/JPY",
        "side": "LONG",
        "reason": "position_size_invalid"
      },
      {
        "signal_time": "2025-01-15 08:00:00+09:00",
        "entry_time": "2025-01-15 12:00:00+09:00",
        "symbol": "USD/JPY",
        "side": "LONG",
        "reason": "position_size_invalid"
      },
      {
        "signal_time": "2025-01-20 20:00:00+09:00",
        "entry_time": "2025-01-21 00:00:00+09:00",
        "symbol": "USD/JPY",
        "side": "SHORT",
        "reason": "position_size_invalid"
      },
      {
        "signal_time": "2025-01-21 08:00:00+09:00",
        "entry_time": "2025-01-21 12:00:00+09:00",
        "symbol": "USD/JPY",
        "side": "SHORT",
        "reason": "position_size_invalid"
      },
      {
        "signal_time": "2025-01-21 20:00:00+09:00",
        "entry_time": "2025-01-22 00:00:00+09:00",
        "symbol": "USD/JPY",
        "side": "SHORT",
        "reason": "position_size_invalid"
      },
      {
        "signal_time": "2025-01-22 08:00:00+09:00",
        "entry_time": "2025-01-22 12:00:00+09:00",
        "symbol": "USD/JPY",
        "side": "SHORT",
        "reason": "position_size_invalid"
      },
      {
        "signal_time": "2025-01-23 04:00:00+09:00",
        "entry_time": "2025-01-23 08:00:00+09:00",
        "symbol": "USD/JPY",
        "side": "SHORT",
        "reason": "position_size_invalid"
      },
      {
        "signal_time": "2025-01-24 20:00:00+09:00",
        "entry_time": "2025-01-25 00:00:00+09:00",
        "symbol": "USD/JPY",
        "side": "SHORT",
        "reason": "position_size_invalid"
      },
      {
        "signal_time": "2025-01-29 04:00:00+09:00",
        "entry_time": "2025-01-29 08:00:00+09:00",
        "symbol": "USD/JPY",
        "side": "SHORT",
        "reason": "position_size_invalid"
      },
      {
        "signal_time": "2025-01-29 20:00:00+09:00",
        "entry_time": "2025-01-30 00:00:00+09:00",
        "symbol": "USD/JPY",
        "side": "SHORT",
        "reason": "position_size_invalid"
      },
      {
        "signal_time": "2025-01-30 08:00:00+09:00",
        "entry_time": "2025-01-30 12:00:00+09:00",
        "symbol": "USD/JPY",
        "side": "SHORT",
        "reason": "position_size_invalid"
      },
      {
        "signal_time": "2025-02-11 04:00:00+09:00",
        "entry_time": "2025-02-11 08:00:00+09:00",
        "symbol": "USD/JPY",
        "side": "SHORT",
        "reason": "position_size_invalid"
      },
      {
        "signal_time": "2025-02-25 20:00:00+09:00",
        "entry_time": "2025-02-26 00:00:00+09:00",
        "symbol": "USD/JPY",
        "side": "SHORT",
        "reason": "position_size_invalid"
      },
      {
        "signal_time": "2025-02-26 08:00:00+09:00",
        "entry_time": "2025-02-26 12:00:00+09:00",
        "symbol": "USD/JPY",
        "side": "SHORT",
        "reason": "position_size_invalid"
      },
      {
        "signal_time": "2025-02-27 08:00:00+09:00",
        "entry_time": "2025-02-27 12:00:00+09:00",
        "symbol": "USD/JPY",
        "side": "SHORT",
        "reason": "position_size_invalid"
      },
      {
        "signal_time": "2025-02-28 20:00:00+09:00",
        "entry_time": "2025-03-01 00:00:00+09:00",
        "symbol": "USD/JPY",
        "side": "SHORT",
        "reason": "position_size_invalid"
      },
      {
        "signal_time": "2025-03-06 00:00:00+09:00",
        "entry_time": "2025-03-06 04:00:00+09:00",
        "symbol": "USD/JPY",
        "side": "SHORT",
        "reason": "position_size_invalid"
      },
      {
        "signal_time": "2025-03-12 08:00:00+09:00",
        "entry_time": "2025-03-12 12:00:00+09:00",
        "symbol": "USD/JPY",
        "side": "SHORT",
        "reason": "position_size_invalid"
      },
      {
        "signal_time": "2025-03-21 20:00:00+09:00",
        "entry_time": "2025-03-22 00:00:00+09:00",
        "symbol": "USD/JPY",
        "side": "LONG",
        "reason": "position_size_invalid"
      },
      {
        "signal_time": "2025-03-22 08:00:00+09:00",
        "entry_time": "2025-03-22 12:00:00+09:00",
        "symbol": "USD/JPY",
        "side": "LONG",
        "reason": "maintenance"
      },
      {
        "signal_time": "2025-04-02 00:00:00+09:00",
        "entry_time": "2025-04-02 04:00:00+09:00",
        "symbol": "USD/JPY",
        "side": "SHORT",
        "reason": "position_size_invalid"
      },
      {
        "signal_time": "2025-04-03 08:00:00+09:00",
        "entry_time": "2025-04-03 12:00:00+09:00",
        "symbol": "USD/JPY",
        "side": "LONG",
        "reason": "position_size_invalid"
      },
      {
        "signal_time": "2025-04-09 00:00:00+09:00",
        "entry_time": "2025-04-09 04:00:00+09:00",
        "symbol": "USD/JPY",
        "side": "SHORT",
        "reason": "position_size_invalid"
      },
      {
        "signal_time": "2025-04-09 08:00:00+09:00",
        "entry_time": "2025-04-09 12:00:00+09:00",
        "symbol": "USD/JPY",
        "side": "SHORT",
        "reason": "position_size_invalid"
      },
      {
        "signal_time": "2025-04-11 00:00:00+09:00",
        "entry_time": "2025-04-11 04:00:00+09:00",
        "symbol": "USD/JPY",
        "side": "SHORT",
        "reason": "position_size_invalid"
      },
      {
        "signal_time": "2025-04-30 04:00:00+09:00",
        "entry_time": "2025-04-30 08:00:00+09:00",
        "symbol": "USD/JPY",
        "side": "SHORT",
        "reason": "position_size_invalid"
      },
      {
        "signal_time": "2025-05-01 12:00:00+09:00",
        "entry_time": "2025-05-01 16:00:00+09:00",
        "symbol": "USD/JPY",
        "side": "LONG",
        "reason": "position_size_invalid"
      },
      {
        "signal_time": "2025-05-03 08:00:00+09:00",
        "entry_time": "2025-05-03 12:00:00+09:00",
        "symbol": "USD/JPY",
        "side": "LONG",
        "reason": "maintenance"
      },
      {
        "signal_time": "2025-05-15 08:00:00+09:00",
        "entry_time": "2025-05-15 12:00:00+09:00",
        "symbol": "USD/JPY",
        "side": "LONG",
        "reason": "position_size_invalid"
      },
      {
        "signal_time": "2025-05-23 12:00:00+09:00",
        "entry_time": "2025-05-23 16:00:00+09:00",
        "symbol": "USD/JPY",
        "side": "SHORT",
        "reason": "position_size_invalid"
      },
      {
        "signal_time": "2025-05-31 04:00:00+09:00",
        "entry_time": "2025-05-31 08:00:00+09:00",
        "symbol": "USD/JPY",
        "side": "SHORT",
        "reason": "position_size_invalid"
      },
      {
        "signal_time": "2025-06-10 04:00:00+09:00",
        "entry_time": "2025-06-10 08:00:00+09:00",
        "symbol": "USD/JPY",
        "side": "LONG",
        "reason": "position_size_invalid"
      },
      {
        "signal_time": "2025-06-17 08:00:00+09:00",
        "entry_time": "2025-06-17 12:00:00+09:00",
        "symbol": "USD/JPY",
        "side": "LONG",
        "reason": "position_size_invalid"
      },
      {
        "signal_time": "2025-06-28 12:00:00+09:00",
        "entry_time": "2025-06-28 16:00:00+09:00",
        "symbol": "USD/JPY",
        "side": "SHORT",
        "reason": "maintenance"
      },
      {
        "signal_time": "2025-07-03 08:00:00+09:00",
        "entry_time": "2025-07-03 12:00:00+09:00",
        "symbol": "USD/JPY",
        "side": "SHORT",
        "reason": "position_size_invalid"
      },
      {
        "signal_time": "2025-07-04 00:00:00+09:00",
        "entry_time": "2025-07-04 04:00:00+09:00",
        "symbol": "USD/JPY",
        "side": "LONG",
        "reason": "position_size_invalid"
      },
      {
        "signal_time": "2025-07-25 08:00:00+09:00",
        "entry_time": "2025-07-25 12:00:00+09:00",
        "symbol": "USD/JPY",
        "side": "LONG",
        "reason": "position_size_invalid"
      },
      {
        "signal_time": "2025-07-25 12:00:00+09:00",
        "entry_time": "2025-07-25 16:00:00+09:00",
        "symbol": "USD/JPY",
        "side": "LONG",
        "reason": "position_size_invalid"
      },
      {
        "signal_time": "2025-08-26 16:00:00+09:00",
        "entry_time": "2025-08-26 20:00:00+09:00",
        "symbol": "USD/JPY",
        "side": "SHORT",
        "reason": "position_size_invalid"
      },
      {
        "signal_time": "2025-09-10 20:00:00+09:00",
        "entry_time": "2025-09-11 00:00:00+09:00",
        "symbol": "USD/JPY",
        "side": "SHORT",
        "reason": "position_size_invalid"
      },
      {
        "signal_time": "2025-10-30 12:00:00+09:00",
        "entry_time": "2025-10-30 16:00:00+09:00",
        "symbol": "USD/JPY",
        "side": "LONG",
        "reason": "position_size_invalid"
      },
      {
        "signal_time": "2025-10-30 20:00:00+09:00",
        "entry_time": "2025-10-31 00:00:00+09:00",
        "symbol": "USD/JPY",
        "side": "LONG",
        "reason": "position_size_invalid"
      },
      {
        "signal_time": "2025-12-13 12:00:00+09:00",
        "entry_time": "2025-12-13 16:00:00+09:00",
        "symbol": "USD/JPY",
        "side": "LONG",
        "reason": "maintenance"
      },
      {
        "signal_time": "2026-01-24 08:00:00+09:00",
        "entry_time": "2026-01-24 12:00:00+09:00",
        "symbol": "USD/JPY",
        "side": "SHORT",
        "reason": "maintenance"
      }
    ]
  }
}