signal_time,entry_time,symbol,side,reason
2025-01-23 04:00:00+09:00,2025-01-23 08:00:00+09:00,USD/JPY,SHORT,position_size_invalid
2025-01-29 04:00:00+09:00,2025-01-29 08:00:00+09:00,USD/JPY,SHORT,position_size_invalid
2025-01-29 20:00:00+09:00,2025-01-30 00:00:00+09:00,USD/JPY,SHORT,limit_expired (155.576)
2025-02-11 04:00:00+09:00,2025-02-11 08:00:00+09:00,USD/JPY,SHORT,limit_expired (152.311)
2025-02-28 12:00:00+09:00,2025-02-28 16:00:00+09:00,USD/JPY,SHORT,position_size_invalid
2025-02-28 20:00:00+09:00,2025-03-01 00:00:00+09:00,USD/JPY,SHORT,position_size_invalid
2025-03-06 00:00:00+09:00,2025-03-06 04:00:00+09:00,USD/JPY,SHORT,limit_expired (149.738)
2025-03-12 08:00:00+09:00,2025-03-12 12:00:00+09:00,USD/JPY,SHORT,position_size_invalid
2025-03-18 04:00:00+09:00,2025-03-18 08:00:00+09:00,USD/JPY,SHORT,position_size_invalid
2025-03-22 04:00:00+09:00,2025-03-22 08:00:00+09:00,USD/JPY,SHORT,limit_expired (149.002)
2025-04-03 00:00:00+09:00,2025-04-03 04:00:00+09:00,USD/JPY,SHORT,limit_expired (149.821)
2025-04-09 00:00:00+09:00,2025-04-09 04:00:00+09:00,USD/JPY,SHORT,position_size_invalid
2025-04-10 20:00:00+09:00,2025-04-11 00:00:00+09:00,USD/JPY,SHORT,position_size_invalid
2025-04-18 12:00:00+09:00,2025-04-18 16:00:00+09:00,USD/JPY,SHORT,limit_expired (142.899)
2025-04-19 04:00:00+09:00,2025-04-19 08:00:00+09:00,USD/JPY,SHORT,limit_expired (142.732)
2025-05-06 08:00:00+09:00,2025-05-06 12:00:00+09:00,USD/JPY,LONG,position_size_invalid
2025-05-08 20:00:00+09:00,2025-05-09 00:00:00+09:00,USD/JPY,SHORT,position_size_invalid
2025-05-15 08:00:00+09:00,2025-05-15 12:00:00+09:00,USD/JPY,LONG,position_size_invalid
2025-05-23 12:00:00+09:00,2025-05-23 16:00:00+09:00,USD/JPY,SHORT,limit_expired (144.221)
2025-11-17 20:00:00+09:00,2025-11-18 00:00:00+09:00,USD/JPY,LONG,limit_expired (154.448)
2025-11-25 00:00:00+09:00,2025-11-25 04:00:00+09:00,USD/JPY,LONG,limit_expired (156.533)
2025-11-27 00:00:00+09:00,2025-11-27 04:00:00+09:00,USD/JPY,LONG,position_size_invalid
2025-12-04 00:00:00+09:00,2025-12-04 04:00:00+09:00,USD/JPY,LONG,intra_bar_sl_hit (conservative skip)
2025-12-13 08:00:00+09:00,2025-12-13 12:00:00+09:00,USD/JPY,SHORT,maintenance (limit fill)
2026-02-14 04:00:00+09:00,2026-02-14 08:00:00+09:00,USD/JPY,SHORT,limit_expired (153.777)
