signal_time,entry_time,symbol,side,reason
2024-02-03 08:00:00+09:00,2024-02-03 12:00:00+09:00,USD/JPY,LONG,maintenance
2024-02-20 16:00:00+09:00,2024-02-20 20:00:00+09:00,USD/JPY,LONG,position_size_invalid
2024-02-28 08:00:00+09:00,2024-02-28 12:00:00+09:00,USD/JPY,LONG,position_size_invalid
2024-02-28 20:00:00+09:00,2024-02-29 00:00:00+09:00,USD/JPY,LONG,position_size_invalid
2024-04-10 20:00:00+09:00,2024-04-11 00:00:00+09:00,USD/JPY,LONG,position_size_invalid
2024-05-28 00:00:00+09:00,2024-05-28 04:00:00+09:00,USD/JPY,LONG,position_size_invalid
2024-08-24 08:00:00+09:00,2024-08-24 12:00:00+09:00,USD/JPY,SHORT,maintenance
2024-09-07 08:00:00+09:00,2024-09-07 12:00:00+09:00,USD/JPY,SHORT,maintenance
2024-11-02 08:00:00+09:00,2024-11-02 12:00:00+09:00,USD/JPY,LONG,maintenance
2024-11-23 08:00:00+09:00,2024-11-23 12:00:00+09:00,USD/JPY,LONG,maintenance
2024-12-28 12:00:00+09:00,2024-12-28 16:00:00+09:00,USD/JPY,LONG,maintenance
2025-05-03 08:00:00+09:00,2025-05-03 12:00:00+09:00,USD/JPY,LONG,maintenance
2025-06-28 12:00:00+09:00,2025-06-28 16:00:00+09:00,USD/JPY,SHORT,maintenance
2025-09-23 20:00:00+09:00,2025-09-24 00:00:00+09:00,USD/JPY,LONG,position_size_invalid
2025-11-29 00:00:00+09:00,2025-11-29 04:00:00+09:00,USD/JPY,LONG,position_size_invalid
2025-12-13 12:00:00+09:00,2025-12-13 16:00:00+09:00,USD/JPY,LONG,maintenance
2026-01-12 08:00:00+09:00,2026-01-12 12:00:00+09:00,USD/JPY,LONG,position_size_invalid
2026-01-24 08:00:00+09:00,2026-01-24 12:00:00+09:00,USD/JPY,SHORT,maintenance
