{
  "start_date": "2024-01-01",
  "end_date": "2026-02-14",
  "initial_equity": 500000.0,
  "final_equity": 594812.3531489085,
  "total_trades": 103,
  "wins": 51,
  "losses": 52,
  "win_rate": 0.49514563106796117,
  "total_pnl_gross": 100268.35314890843,
  "total_pnl_net": 94812.35314890846,
  "total_cost": 5456.0,
  "pf_gross": 1.6130309848814455,
  "pf_net": 1.5702187866363189,
  "avg_win_net": 5119.333195508123,
  "avg_loss_net": -3197.569996577035,
  "expectancy_net": 920.5082829991113,
  "avg_r_multiple": 0.2964222695656537,
  "max_drawdown_close_based": 0.047165836925317485,
  "per_symbol": {
    "USD/JPY": {
      "count": 103,
      "total_pnl_net": 94812.35314890846,
      "win_rate": 0.49514563106796117,
      "avg_pnl_net": 920.508282999111,
      "avg_win": 5119.333195508123,
      "avg_loss": -3197.5699965770355
    }
  },
  "per_side": {
    "LONG": {
      "count": 62,
      "total_pnl_net": 81550.33975141395,
      "win_rate": 0.532258064516129,
      "avg_pnl_net": 1315.3280605066766,
      "avg_win": 5276.853652501854,
      "avg_loss": -3192.61485452232
    },
    "SHORT": {
      "count": 41,
      "total_pnl_net": 13262.013397494473,
      "win_rate": 0.43902439024390244,
      "avg_pnl_net": 323.46374140230427,
      "avg_win": 4830.545691019614,
      "avg_loss": -3203.8177843851554
    }
  },
  "per_exit_reason": {
    "TP2": {
      "count": 32,
      "total_pnl_net": 218033.30351659088,
      "win_rate": 1.0,
      "avg_pnl_net": 6813.540734893464,
      "avg_win": 6813.540734893464,
      "avg_loss": 0.0
    },
    "SL": {
      "count": 52,
      "total_pnl_net": -166273.63982200582,
      "win_rate": 0.0,
      "avg_pnl_net": -3197.5699965770355,
      "avg_win": 0.0,
      "avg_loss": -3197.5699965770355
    },
    "BE": {
      "count": 19,
      "total_pnl_net": 43052.689454323394,
      "win_rate": 1.0,
      "avg_pnl_net": 2265.9310239117576,
      "avg_win": 2265.9310239117576,
      "avg_loss": 0.0
    }
  },
  "risk_violations_count": 101,
  "risk_violations": [
    {
      "trade_id": 1,
      "risk_jpy": 3009.661150808256,
      "max_allowed": 2525.0,
      "excess_pct": 20.38644603233024
    },
    {
      "trade_id": 2,
      "risk_jpy": 2781.5370563729402,
      "max_allowed": 2525.0,
      "excess_pct": 11.26148225491761
    },
    {
      "trade_id": 3,
      "risk_jpy": 2598.1757628463242,
      "max_allowed": 2525.0,
      "excess_pct": 3.9270305138529693
    },
    {
      "trade_id": 4,
      "risk_jpy": 2744.2209515535296,
      "max_allowed": 2525.0,
      "excess_pct": 9.768838062141194
    },
    {
      "trade_id": 5,
      "risk_jpy": 2883.1427490689803,
      "max_allowed": 2525.0,
      "excess_pct": 15.325709962759216
    },
    {
      "trade_id": 6,
      "risk_jpy": 2967.799118774138,
      "max_allowed": 2525.0,
      "excess_pct": 18.711964750965528
    },
    {
      "trade_id": 7,
      "risk_jpy": 3059.134135593041,
      "max_allowed": 2525.0,
      "excess_pct": 22.365365423721627
    },
    {
      "trade_id": 8,
      "risk_jpy": 2966.7011531794856,
      "max_allowed": 2525.0,
      "excess_pct": 18.668046127179426
    },
    {
      "trade_id": 9,
      "risk_jpy": 3011.29610471844,
      "max_allowed": 2525.0,
      "excess_pct": 20.4518441887376
    },
    {
      "trade_id": 10,
      "risk_jpy": 3004.548306570314,
      "max_allowed": 2525.0,
      "excess_pct": 20.181932262812552
    },
    {
      "trade_id": 11,
      "risk_jpy": 2954.835912163304,
      "max_allowed": 2525.0,
      "excess_pct": 18.193436486532157
    },
    {
      "trade_id": 12,
      "risk_jpy": 3063.4597791320743,
      "max_allowed": 2525.0,
      "excess_pct": 22.538391165282977
    },
    {
      "trade_id": 13,
      "risk_jpy": 2741.2169290912516,
      "max_allowed": 2525.0,
      "excess_pct": 9.648677163650055
    },
    {
      "trade_id": 14,
      "risk_jpy": 2792.218462961557,
      "max_allowed": 2525.0,
      "excess_pct": 11.688738518462284
    },
    {
      "trade_id": 15,
      "risk_jpy": 2619.728989181027,
      "max_allowed": 2525.0,
      "excess_pct": 4.789159567241086
    },
    {
      "trade_id": 16,
      "risk_jpy": 2988.2978166392886,
      "max_allowed": 2525.0,
      "excess_pct": 19.53191266557155
    },
    {
      "trade_id": 17,
      "risk_jpy": 2766.838544879022,
      "max_allowed": 2525.0,
      "excess_pct": 10.673541795160869
    },
    {
      "trade_id": 18,
      "risk_jpy": 3120.9217851040307,
      "max_allowed": 2525.0,
      "excess_pct": 24.836871404161222
    },
    {
      "trade_id": 19,
      "risk_jpy": 3116.9449923363004,
      "max_allowed": 2525.0,
      "excess_pct": 24.67779969345201
    },
    {
      "trade_id": 20,
      "risk_jpy": 3054.0753448683517,
      "max_allowed": 2525.0,
      "excess_pct": 22.163013794734066
    },
    {
      "trade_id": 21,
      "risk_jpy": 3052.2009327291926,
      "max_allowed": 2525.0,
      "excess_pct": 22.088037309167706
    },
    {
      "trade_id": 22,
      "risk_jpy": 2963.643247588976,
      "max_allowed": 2525.0,
      "excess_pct": 18.54572990355905
    },
    {
      "trade_id": 23,
      "risk_jpy": 3029.0736552897215,
      "max_allowed": 2525.0,
      "excess_pct": 21.162946211588853
    },
    {
      "trade_id": 24,
      "risk_jpy": 3101.850726941393,
      "max_allowed": 2525.0,
      "excess_pct": 24.074029077655723
    },
    {
      "trade_id": 25,
      "risk_jpy": 2959.04130304109,
      "max_allowed": 2525.0,
      "excess_pct": 18.3616521216436
    },
    {
      "trade_id": 27,
      "risk_jpy": 3052.543962284517,
      "max_allowed": 2525.0,
      "excess_pct": 22.101758491380675
    },
    {
      "trade_id": 28,
      "risk_jpy": 2692.6903542293985,
      "max_allowed": 2525.0,
      "excess_pct": 7.707614169175936
    },
    {
      "trade_id": 29,
      "risk_jpy": 3091.6174067605198,
      "max_allowed": 2525.0,
      "excess_pct": 23.664696270420784
    },
    {
      "trade_id": 30,
      "risk_jpy": 3052.6947682845675,
      "max_allowed": 2525.0,
      "excess_pct": 22.107790731382693
    },
    {
      "trade_id": 31,
      "risk_jpy": 3004.6378600069374,
      "max_allowed": 2525.0,
      "excess_pct": 20.185514400277494
    },
    {
      "trade_id": 32,
      "risk_jpy": 3074.0933859347024,
      "max_allowed": 2525.0,
      "excess_pct": 22.9637354373881
    },
    {
      "trade_id": 33,
      "risk_jpy": 2827.942736324985,
      "max_allowed": 2525.0,
      "excess_pct": 13.117709452999415
    },
    {
      "trade_id": 34,
      "risk_jpy": 3153.2043987382394,
      "max_allowed": 2525.0,
      "excess_pct": 26.128175949529584
    },
    {
      "trade_id": 35,
      "risk_jpy": 3188.9467557842295,
      "max_allowed": 2525.0,
      "excess_pct": 27.557870231369176
    },
    {
      "trade_id": 36,
      "risk_jpy": 3090.8683294822767,
      "max_allowed": 2525.0,
      "excess_pct": 23.63473317929108
    },
    {
      "trade_id": 37,
      "risk_jpy": 2818.479808342545,
      "max_allowed": 2525.0,
      "excess_pct": 12.739192333701798
    },
    {
      "trade_id": 38,
      "risk_jpy": 3376.2810359823447,
      "max_allowed": 2525.0,
      "excess_pct": 35.05124143929379
    },
    {
      "trade_id": 39,
      "risk_jpy": 3071.5863570756596,
      "max_allowed": 2525.0,
      "excess_pct": 22.863454283026385
    },
    {
      "trade_id": 40,
      "risk_jpy": 3420.1264911240514,
      "max_allowed": 2525.0,
      "excess_pct": 36.80505964496206
    },
    {
      "trade_id": 41,
      "risk_jpy": 3178.90449450087,
      "max_allowed": 2525.0,
      "excess_pct": 27.156179780034794
    },
    {
      "trade_id": 42,
      "risk_jpy": 3158.970942094811,
      "max_allowed": 2525.0,
      "excess_pct": 26.358837683792437
    },
    {
      "trade_id": 43,
      "risk_jpy": 3236.535302692573,
      "max_allowed": 2525.0,
      "excess_pct": 29.461412107702923
    },
    {
      "trade_id": 44,
      "risk_jpy": 3219.166031123848,
      "max_allowed": 2525.0,
      "excess_pct": 28.766641244953917
    },
    {
      "trade_id": 45,
      "risk_jpy": 3290.5808822223435,
      "max_allowed": 2525.0,
      "excess_pct": 31.623235288893746
    },
    {
      "trade_id": 46,
      "risk_jpy": 3388.9585558902127,
      "max_allowed": 2525.0,
      "excess_pct": 35.5583422356085
    },
    {
      "trade_id": 47,
      "risk_jpy": 3349.1126693648994,
      "max_allowed": 2525.0,
      "excess_pct": 33.96450677459597
    },
    {
      "trade_id": 48,
      "risk_jpy": 3168.5253635101276,
      "max_allowed": 2525.0,
      "excess_pct": 26.741014540405097
    },
    {
      "trade_id": 49,
      "risk_jpy": 2840.747115370732,
      "max_allowed": 2525.0,
      "excess_pct": 13.62988461482928
    },
    {
      "trade_id": 50,
      "risk_jpy": 3147.288808933553,
      "max_allowed": 2525.0,
      "excess_pct": 25.891552357342107
    },
    {
      "trade_id": 51,
      "risk_jpy": 2930.3518590215563,
      "max_allowed": 2525.0,
      "excess_pct": 17.21407436086224
    },
    {
      "trade_id": 52,
      "risk_jpy": 3257.6137836187513,
      "max_allowed": 2525.0,
      "excess_pct": 30.304551344750053
    },
    {
      "trade_id": 53,
      "risk_jpy": 2768.174994276478,
      "max_allowed": 2525.0,
      "excess_pct": 10.72699977105913
    },
    {
      "trade_id": 54,
      "risk_jpy": 3071.4338588211376,
      "max_allowed": 2525.0,
      "excess_pct": 22.857354352845505
    },
    {
      "trade_id": 55,
      "risk_jpy": 3033.4576062115275,
      "max_allowed": 2525.0,
      "excess_pct": 21.338304248461103
    },
    {
      "trade_id": 56,
      "risk_jpy": 3319.499238044159,
      "max_allowed": 2525.0,
      "excess_pct": 32.77996952176636
    },
    {
      "trade_id": 57,
      "risk_jpy": 3085.238129957588,
      "max_allowed": 2525.0,
      "excess_pct": 23.409525198303527
    },
    {
      "trade_id": 58,
      "risk_jpy": 2962.945885766203,
      "max_allowed": 2525.0,
      "excess_pct": 18.517835430648113
    },
    {
      "trade_id": 59,
      "risk_jpy": 2784.8056860754014,
      "max_allowed": 2525.0,
      "excess_pct": 11.392227443016045
    },
    {
      "trade_id": 60,
      "risk_jpy": 3057.1383303757784,
      "max_allowed": 2525.0,
      "excess_pct": 22.28553321503113
    },
    {
      "trade_id": 61,
      "risk_jpy": 3124.1243982621254,
      "max_allowed": 2525.0,
      "excess_pct": 24.96497593048501
    },
    {
      "trade_id": 62,
      "risk_jpy": 3152.1838613805926,
      "max_allowed": 2525.0,
      "excess_pct": 26.0873544552237
    },
    {
      "trade_id": 63,
      "risk_jpy": 2918.1347079519355,
      "max_allowed": 2525.0,
      "excess_pct": 16.725388318077417
    },
    {
      "trade_id": 64,
      "risk_jpy": 2914.961658332402,
      "max_allowed": 2525.0,
      "excess_pct": 16.59846633329607
    },
    {
      "trade_id": 66,
      "risk_jpy": 3371.468565854059,
      "max_allowed": 2525.0,
      "excess_pct": 34.858742634162354
    },
    {
      "trade_id": 67,
      "risk_jpy": 3097.634290080748,
      "max_allowed": 2525.0,
      "excess_pct": 23.90537160322992
    },
    {
      "trade_id": 68,
      "risk_jpy": 2847.7891792813352,
      "max_allowed": 2525.0,
      "excess_pct": 13.911567171253413
    },
    {
      "trade_id": 69,
      "risk_jpy": 2997.6107117482798,
      "max_allowed": 2525.0,
      "excess_pct": 19.90442846993119
    },
    {
      "trade_id": 70,
      "risk_jpy": 3040.7180710868433,
      "max_allowed": 2525.0,
      "excess_pct": 21.628722843473724
    },
    {
      "trade_id": 71,
      "risk_jpy": 3136.020160377768,
      "max_allowed": 2525.0,
      "excess_pct": 25.44080641511073
    },
    {
      "trade_id": 72,
      "risk_jpy": 3235.1254468724733,
      "max_allowed": 2525.0,
      "excess_pct": 29.40501787489893
    },
    {
      "trade_id": 73,
      "risk_jpy": 3104.3794620789527,
      "max_allowed": 2525.0,
      "excess_pct": 24.17517848315811
    },
    {
      "trade_id": 74,
      "risk_jpy": 3071.9370453338684,
      "max_allowed": 2525.0,
      "excess_pct": 22.877481813354738
    },
    {
      "trade_id": 75,
      "risk_jpy": 3129.690695181125,
      "max_allowed": 2525.0,
      "excess_pct": 25.187627807245015
    },
    {
      "trade_id": 76,
      "risk_jpy": 3099.713814555116,
      "max_allowed": 2525.0,
      "excess_pct": 23.988552582204647
    },
    {
      "trade_id": 77,
      "risk_jpy": 3490.396688022429,
      "max_allowed": 2525.0,
      "excess_pct": 39.61586752089716
    },
    {
      "trade_id": 78,
      "risk_jpy": 3591.844396024044,
      "max_allowed": 2525.0,
      "excess_pct": 43.673775840961746
    },
    {
      "trade_id": 79,
      "risk_jpy": 3402.143641296362,
      "max_allowed": 2525.0,
      "excess_pct": 36.085745651854495
    },
    {
      "trade_id": 80,
      "risk_jpy": 3408.3763403864396,
      "max_allowed": 2525.0,
      "excess_pct": 36.33505361545759
    },
    {
      "trade_id": 81,
      "risk_jpy": 3546.123193488228,
      "max_allowed": 2525.0,
      "excess_pct": 41.844927739529126
    },
    {
      "trade_id": 82,
      "risk_jpy": 3221.7567575091834,
      "max_allowed": 2525.0,
      "excess_pct": 28.87027030036733
    },
    {
      "trade_id": 83,
      "risk_jpy": 3360.186993382058,
      "max_allowed": 2525.0,
      "excess_pct": 34.40747973528233
    },
    {
      "trade_id": 84,
      "risk_jpy": 3573.201117267786,
      "max_allowed": 2525.0,
      "excess_pct": 42.92804469071143
    },
    {
      "trade_id": 85,
      "risk_jpy": 3372.588021679803,
      "max_allowed": 2525.0,
      "excess_pct": 34.90352086719213
    },
    {
      "trade_id": 86,
      "risk_jpy": 3499.538882231491,
      "max_allowed": 2525.0,
      "excess_pct": 39.98155528925964
    },
    {
      "trade_id": 87,
      "risk_jpy": 3277.5378353775577,
      "max_allowed": 2525.0,
      "excess_pct": 31.1015134151023
    },
    {
      "trade_id": 88,
      "risk_jpy": 3494.7478885113696,
      "max_allowed": 2525.0,
      "excess_pct": 39.78991554045479
    },
    {
      "trade_id": 89,
      "risk_jpy": 3273.3575894701517,
      "max_allowed": 2525.0,
      "excess_pct": 30.934303578806066
    },
    {
      "trade_id": 90,
      "risk_jpy": 3545.6965206105906,
      "max_allowed": 2525.0,
      "excess_pct": 41.827860824423624
    },
    {
      "trade_id": 91,
      "risk_jpy": 3545.9317828643007,
      "max_allowed": 2525.0,
      "excess_pct": 41.83727131457202
    },
    {
      "trade_id": 92,
      "risk_jpy": 3197.448200131703,
      "max_allowed": 2525.0,
      "excess_pct": 27.897928005268113
    },
    {
      "trade_id": 93,
      "risk_jpy": 3271.7970363902114,
      "max_allowed": 2525.0,
      "excess_pct": 30.871881455608463
    },
    {
      "trade_id": 94,
      "risk_jpy": 3555.807001760911,
      "max_allowed": 2525.0,
      "excess_pct": 42.232280070436445
    },
    {
      "trade_id": 95,
      "risk_jpy": 3398.836252415265,
      "max_allowed": 2525.0,
      "excess_pct": 35.953450096610595
    },
    {
      "trade_id": 96,
      "risk_jpy": 3349.8378586942863,
      "max_allowed": 2525.0,
      "excess_pct": 33.993514347771445
    },
    {
      "trade_id": 97,
      "risk_jpy": 3578.0948606629863,
      "max_allowed": 2525.0,
      "excess_pct": 43.12379442651946
    },
    {
      "trade_id": 98,
      "risk_jpy": 3472.2761869101078,
      "max_allowed": 2525.0,
      "excess_pct": 38.8910474764043
    },
    {
      "trade_id": 99,
      "risk_jpy": 3647.53870885437,
      "max_allowed": 2525.0,
      "excess_pct": 45.90154835417479
    },
    {
      "trade_id": 100,
      "risk_jpy": 3400.822015494413,
      "max_allowed": 2525.0,
      "excess_pct": 36.03288061977652
    },
    {
      "trade_id": 101,
      "risk_jpy": 3482.36154697247,
      "max_allowed": 2525.0,
      "excess_pct": 39.2944618788988
    },
    {
      "trade_id": 102,
      "risk_jpy": 3499.546979464327,
      "max_allowed": 2525.0,
      "excess_pct": 39.981879178573074
    },
    {
      "trade_id": 103,
      "risk_jpy": 3663.8060086308997,
      "max_allowed": 2525.0,
      "excess_pct": 46.552240345235994
    }
  ],
  "monthly_returns": [
    {
      "month": "2024-01",
      "trades": 4,
      "pnl_net": -11364.594921581353,
      "equity": 488635.40507841867,
      "return_pct": -2.2729189843162705
    },
    {
      "month": "2024-02",
      "trades": 4,
      "pnl_net": 11923.349736598075,
      "equity": 500558.75481501676,
      "return_pct": 2.384669947319615
    },
    {
      "month": "2024-03",
      "trades": 1,
      "pnl_net": -3099.2961047185545,
      "equity": 497459.4587102982,
      "return_pct": -0.6198592209437109
    },
    {
      "month": "2024-04",
      "trades": 5,
      "pnl_net": -1026.8648338753237,
      "equity": 496432.59387642285,
      "return_pct": -0.20537296677506475
    },
    {
      "month": "2024-05",
      "trades": 2,
      "pnl_net": 2647.5924090174353,
      "equity": 499080.1862854403,
      "return_pct": 0.529518481803487
    },
    {
      "month": "2024-06",
      "trades": 4,
      "pnl_net": 16400.760699582424,
      "equity": 515480.9469850227,
      "return_pct": 3.280152139916485
    },
    {
      "month": "2024-07",
      "trades": 5,
      "pnl_net": 364.6300836351111,
      "equity": 515845.5770686578,
      "return_pct": 0.07292601672702222
    },
    {
      "month": "2024-08",
      "trades": 5,
      "pnl_net": -5612.881640544982,
      "equity": 510232.6954281128,
      "return_pct": -1.1225763281089964
    },
    {
      "month": "2024-09",
      "trades": 3,
      "pnl_net": 15527.102355611527,
      "equity": 525759.7977837244,
      "return_pct": 3.1054204711223052
    },
    {
      "month": "2024-10",
      "trades": 3,
      "pnl_net": 20756.79383900916,
      "equity": 546516.5916227335,
      "return_pct": 4.151358767801832
    },
    {
      "month": "2024-11",
      "trades": 2,
      "pnl_net": -415.26903135605835,
      "equity": 546101.3225913774,
      "return_pct": -0.08305380627121167
    },
    {
      "month": "2024-12",
      "trades": 3,
      "pnl_net": 11363.733360579183,
      "equity": 557465.0559519567,
      "return_pct": 2.2727466721158365
    },
    {
      "month": "2025-01",
      "trades": 11,
      "pnl_net": -25175.003307479106,
      "equity": 532290.0526444776,
      "return_pct": -5.035000661495821
    },
    {
      "month": "2025-02",
      "trades": 4,
      "pnl_net": 7902.1014293941225,
      "equity": 540192.1540738717,
      "return_pct": 1.5804202858788245
    },
    {
      "month": "2025-03",
      "trades": 6,
      "pnl_net": -3540.644466119749,
      "equity": 536651.509607752,
      "return_pct": -0.7081288932239497
    },
    {
      "month": "2025-04",
      "trades": 3,
      "pnl_net": 8735.442138658407,
      "equity": 545386.9517464103,
      "return_pct": 1.7470884277316814
    },
    {
      "month": "2025-05",
      "trades": 5,
      "pnl_net": 3986.8254378918787,
      "equity": 549373.7771843022,
      "return_pct": 0.7973650875783757
    },
    {
      "month": "2025-06",
      "trades": 2,
      "pnl_net": 9364.047375745575,
      "equity": 558737.8245600478,
      "return_pct": 1.872809475149115
    },
    {
      "month": "2025-07",
      "trades": 5,
      "pnl_net": 24841.031584876568,
      "equity": 583578.8561449244,
      "return_pct": 4.968206316975313
    },
    {
      "month": "2025-08",
      "trades": 3,
      "pnl_net": -4766.613005438877,
      "equity": 578812.2431394856,
      "return_pct": -0.9533226010877754
    },
    {
      "month": "2025-09",
      "trades": 5,
      "pnl_net": -5477.72509016988,
      "equity": 573334.5180493157,
      "return_pct": -1.0955450180339759
    },
    {
      "month": "2025-10",
      "trades": 3,
      "pnl_net": -10513.824606120732,
      "equity": 562820.693443195,
      "return_pct": -2.1027649212241464
    },
    {
      "month": "2025-11",
      "trades": 5,
      "pnl_net": 5949.891857481529,
      "equity": 568770.5853006765,
      "return_pct": 1.1899783714963057
    },
    {
      "month": "2025-12",
      "trades": 3,
      "pnl_net": 11649.109463200119,
      "equity": 580419.6947638766,
      "return_pct": 2.3298218926400236
    },
    {
      "month": "2026-01",
      "trades": 6,
      "pnl_net": 6451.594865613417,
      "equity": 586871.28962949,
      "return_pct": 1.2903189731226834
    },
    {
      "month": "2026-02",
      "trades": 1,
      "pnl_net": 7941.0635194185,
      "equity": 594812.3531489085,
      "return_pct": 1.5882127038837
    }
  ],
  "run_id": "risk_070_500k",
  "symbol": "USD/JPY",
  "config_file": "config/minnafx.yaml",
  "parameters": {
    "initial_equity": 500000.0,
    "risk_pct": 0.007,
    "atr_multiplier": 1.0,
    "tp1_r": 1.5,
    "tp2_r": 3.0
  },
  "stats": {
    "total_signals": 121,
    "executed_trades": 103,
    "skipped_signals": 18,
    "maintenance_skips": 10,
    "spread_filter_skips": 0,
    "position_size_skips": 8,
    "skipped_details": [
      {
        "signal_time": "2024-02-03 08:00:00+09:00",
        "entry_time": "2024-02-03 12:00:00+09:00",
        "symbol": "USD/JPY",
        "side": "LONG",
        "reason": "maintenance"
      },
      {
        "signal_time": "2024-02-20 16:00:00+09:00",
        "entry_time": "2024-02-20 20:00:00+09:00",
        "symbol": "USD/JPY",
        "side": "LONG",
        "reason": "position_size_invalid"
      },
      {
        "signal_time": "2024-02-28 08:00:00+09:00",
        "entry_time": "2024-02-28 12:00:00+09:00",
        "symbol": "USD/JPY",
        "side": "LONG",
        "reason": "position_size_invalid"
      },
      {
        "signal_time": "2024-02-28 20:00:00+09:00",
        "entry_time": "2024-02-29 00:00:00+09:00",
        "symbol": "USD/JPY",
        "side": "LONG",
        "reason": "position_size_invalid"
      },
      {
        "signal_time": "2024-04-10 20:00:00+09:00",
        "entry_time": "2024-04-11 00:00:00+09:00",
        "symbol": "USD/JPY",
        "side": "LONG",
        "reason": "position_size_invalid"
      },
      {
        "signal_time": "2024-05-28 00:00:00+09:00",
        "entry_time": "2024-05-28 04:00:00+09:00",
        "symbol": "USD/JPY",
        "side": "LONG",
        "reason": "position_size_invalid"
      },
      {
        "signal_time": "2024-08-24 08:00:00+09:00",
        "entry_time": "2024-08-24 12:00:00+09:00",
        "symbol": "USD/JPY",
        "side": "SHORT",
        "reason": "maintenance"
      },
      {
        "signal_time": "2024-09-07 08:00:00+09:00",
        "entry_time": "2024-09-07 12:00:00+09:00",
        "symbol": "USD/JPY",
        "side": "SHORT",
        "reason": "maintenance"
      },
      {
        "signal_time": "2024-11-02 08:00:00+09:00",
        "entry_time": "2024-11-02 12:00:00+09:00",
        "symbol": "USD/JPY",
        "side": "LONG",
        "reason": "maintenance"
      },
      {
        "signal_time": "2024-11-23 08:00:00+09:00",
        "entry_time": "2024-11-23 12:00:00+09:00",
        "symbol": "USD/JPY",
        "side": "LONG",
        "reason": "maintenance"
      },
      {
        "signal_time": "2024-12-28 12:00:00+09:00",
        "entry_time": "2024-12-28 16:00:00+09:00",
        "symbol": "USD/JPY",
        "side": "LONG",
        "reason": "maintenance"
      },
      {
        "signal_time": "2025-05-03 08:00:00+09:00",
        "entry_time": "2025-05-03 12:00:00+09:00",
        "symbol": "USD/JPY",
        "side": "LONG",
        "reason": "maintenance"
      },
      {
        "signal_time": "2025-06-28 12:00:00+09:00",
        "entry_time": "2025-06-28 16:00:00+09:00",
        "symbol": "USD/JPY",
        "side": "SHORT",
        "reason": "maintenance"
      },
      {
        "signal_time": "2025-09-23 20:00:00+09:00",
        "entry_time": "2025-09-24 00:00:00+09:00",
        "symbol": "USD/JPY",
        "side": "LONG",
        "reason": "position_size_invalid"
      },
      {
        "signal_time": "2025-11-29 00:00:00+09:00",
        "entry_time": "2025-11-29 04:00:00+09:00",
        "symbol": "USD/JPY",
        "side": "LONG",
        "reason": "position_size_invalid"
      },
      {
        "signal_time": "2025-12-13 12:00:00+09:00",
        "entry_time": "2025-12-13 16:00:00+09:00",
        "symbol": "USD/JPY",
        "side": "LONG",
        "reason": "maintenance"
      },
      {
        "signal_time": "2026-01-12 08:00:00+09:00",
        "entry_time": "2026-01-12 12:00:00+09:00",
        "symbol": "USD/JPY",
        "side": "LONG",
        "reason": "position_size_invalid"
      },
      {
        "signal_time": "2026-01-24 08:00:00+09:00",
        "entry_time": "2026-01-24 12:00:00+09:00",
        "symbol": "USD/JPY",
        "side": "SHORT",
        "reason": "maintenance"
      }
    ]
  }
}